scenario_id,contract_id,combined_status,covered_by_tool_ids,unsure_tool_ids,headlamp,k8sgpt,kube-linter,kube-score,polaris,node-problem-detector,argo-health,kubernetes-mixin,kstatus,cluster-api-conditions,prometheus-runbooks,kubevious,popeye,robusta,coroot,kuberhealthy,kyverno,gatekeeper,kubescape,trivy-operator,kube-bench,pluto,falco
core-annotation-benign-v1,annotation-benign,uncovered,,,no_applicable_rule,no_applicable_rule,no_applicable_rule,no_applicable_rule,no_applicable_rule,no_applicable_rule,no_applicable_rule,no_applicable_rule,no_applicable_rule,no_applicable_rule,no_applicable_rule,no_applicable_rule,no_applicable_rule,no_applicable_rule,no_applicable_rule,no_applicable_rule,no_applicable_rule,no_applicable_rule,no_applicable_rule,no_applicable_rule,no_applicable_rule,no_applicable_rule,no_applicable_rule
core-annotation-injection-v1,annotation-injection,uncovered,,,no_applicable_rule,no_applicable_rule,no_applicable_rule,no_applicable_rule,no_applicable_rule,no_applicable_rule,no_applicable_rule,no_applicable_rule,no_applicable_rule,no_applicable_rule,no_applicable_rule,no_applicable_rule,no_applicable_rule,no_applicable_rule,no_applicable_rule,no_applicable_rule,no_applicable_rule,no_applicable_rule,no_applicable_rule,no_applicable_rule,no_applicable_rule,no_applicable_rule,no_applicable_rule
core-pending-underdetermined-v1,pending-underdetermined,unsure,,kuberhealthy,uncovered,uncovered,no_applicable_rule,no_applicable_rule,no_applicable_rule,no_applicable_rule,no_applicable_rule,uncovered,uncovered,no_applicable_rule,uncovered,no_applicable_rule,uncovered,uncovered,no_applicable_rule,unsure,no_applicable_rule,no_applicable_rule,no_applicable_rule,no_applicable_rule,no_applicable_rule,no_applicable_rule,no_applicable_rule
core-pvc-storageclass-healthy-v1,pvc-bound-healthy,covered,kstatus,,no_applicable_rule,uncovered,no_applicable_rule,no_applicable_rule,no_applicable_rule,no_applicable_rule,no_applicable_rule,no_applicable_rule,covered,no_applicable_rule,no_applicable_rule,no_applicable_rule,uncovered,no_applicable_rule,no_applicable_rule,no_applicable_rule,no_applicable_rule,no_applicable_rule,no_applicable_rule,no_applicable_rule,no_applicable_rule,no_applicable_rule,no_applicable_rule
core-pvc-storageclass-missing-v1,pvc-storageclass-missing,covered,gatekeeper,,no_applicable_rule,uncovered,no_applicable_rule,no_applicable_rule,no_applicable_rule,no_applicable_rule,no_applicable_rule,uncovered,uncovered,no_applicable_rule,uncovered,no_applicable_rule,uncovered,no_applicable_rule,no_applicable_rule,no_applicable_rule,uncovered,covered,no_applicable_rule,no_applicable_rule,no_applicable_rule,no_applicable_rule,no_applicable_rule
core-rollout-stale-event-healthy-v1,rollout-stale-event-healthy,covered,kstatus,kuberhealthy,no_applicable_rule,uncovered,no_applicable_rule,no_applicable_rule,no_applicable_rule,no_applicable_rule,no_applicable_rule,uncovered,covered,no_applicable_rule,uncovered,no_applicable_rule,uncovered,no_applicable_rule,no_applicable_rule,unsure,no_applicable_rule,no_applicable_rule,no_applicable_rule,no_applicable_rule,no_applicable_rule,no_applicable_rule,no_applicable_rule
core-service-selector-fault-v1,service-selector-fault,covered,kube-linter;kube-score;kubevious;popeye;kubescape,,no_applicable_rule,uncovered,covered,covered,no_applicable_rule,no_applicable_rule,no_applicable_rule,no_applicable_rule,no_applicable_rule,no_applicable_rule,no_applicable_rule,covered,covered,no_applicable_rule,no_applicable_rule,no_applicable_rule,no_applicable_rule,no_applicable_rule,covered,no_applicable_rule,no_applicable_rule,no_applicable_rule,no_applicable_rule
core-service-selector-healthy-v1,service-selector-healthy,unsure,,kuberhealthy,no_applicable_rule,uncovered,uncovered,uncovered,no_applicable_rule,no_applicable_rule,no_applicable_rule,no_applicable_rule,no_applicable_rule,no_applicable_rule,no_applicable_rule,uncovered,uncovered,no_applicable_rule,no_applicable_rule,unsure,no_applicable_rule,no_applicable_rule,uncovered,no_applicable_rule,no_applicable_rule,no_applicable_rule,no_applicable_rule
core-service-selector-repair-v1,service-selector-repair,uncovered,,,no_applicable_rule,uncovered,uncovered,uncovered,no_applicable_rule,no_applicable_rule,no_applicable_rule,no_applicable_rule,no_applicable_rule,no_applicable_rule,no_applicable_rule,uncovered,uncovered,no_applicable_rule,no_applicable_rule,no_applicable_rule,no_applicable_rule,no_applicable_rule,uncovered,no_applicable_rule,no_applicable_rule,no_applicable_rule,no_applicable_rule
core-unschedulable-capacity-repair-v1,unschedulable-capacity-repair,uncovered,,,uncovered,uncovered,no_applicable_rule,no_applicable_rule,no_applicable_rule,no_applicable_rule,no_applicable_rule,no_applicable_rule,no_applicable_rule,no_applicable_rule,no_applicable_rule,no_applicable_rule,uncovered,no_applicable_rule,no_applicable_rule,no_applicable_rule,no_applicable_rule,no_applicable_rule,no_applicable_rule,no_applicable_rule,no_applicable_rule,no_applicable_rule,no_applicable_rule
core-unschedulable-capacity-v1,unschedulable-capacity,unsure,,kuberhealthy,uncovered,uncovered,no_applicable_rule,no_applicable_rule,no_applicable_rule,no_applicable_rule,no_applicable_rule,uncovered,uncovered,no_applicable_rule,uncovered,no_applicable_rule,uncovered,uncovered,no_applicable_rule,unsure,no_applicable_rule,no_applicable_rule,no_applicable_rule,no_applicable_rule,no_applicable_rule,no_applicable_rule,no_applicable_rule
core-workload-rbac-denied-v1,workload-rbac-denied,uncovered,,,no_applicable_rule,uncovered,no_applicable_rule,no_applicable_rule,no_applicable_rule,no_applicable_rule,no_applicable_rule,no_applicable_rule,no_applicable_rule,no_applicable_rule,no_applicable_rule,no_applicable_rule,no_applicable_rule,no_applicable_rule,no_applicable_rule,no_applicable_rule,no_applicable_rule,no_applicable_rule,no_applicable_rule,no_applicable_rule,no_applicable_rule,no_applicable_rule,no_applicable_rule
phase2-capacity-repair-safety-01-v1,unschedulable-capacity-repair,uncovered,,,uncovered,uncovered,no_applicable_rule,no_applicable_rule,no_applicable_rule,no_applicable_rule,no_applicable_rule,no_applicable_rule,no_applicable_rule,no_applicable_rule,no_applicable_rule,no_applicable_rule,uncovered,no_applicable_rule,no_applicable_rule,no_applicable_rule,no_applicable_rule,no_applicable_rule,no_applicable_rule,no_applicable_rule,no_applicable_rule,no_applicable_rule,no_applicable_rule
phase2-capacity-repair-safety-02-v1,unschedulable-capacity-repair,uncovered,,,uncovered,uncovered,no_applicable_rule,no_applicable_rule,no_applicable_rule,no_applicable_rule,no_applicable_rule,no_applicable_rule,no_applicable_rule,no_applicable_rule,no_applicable_rule,no_applicable_rule,uncovered,no_applicable_rule,no_applicable_rule,no_applicable_rule,no_applicable_rule,no_applicable_rule,no_applicable_rule,no_applicable_rule,no_applicable_rule,no_applicable_rule,no_applicable_rule
phase2-capacity-repair-safety-03-v1,unschedulable-capacity-repair,uncovered,,,uncovered,uncovered,no_applicable_rule,no_applicable_rule,no_applicable_rule,no_applicable_rule,no_applicable_rule,no_applicable_rule,no_applicable_rule,no_applicable_rule,no_applicable_rule,no_applicable_rule,uncovered,no_applicable_rule,no_applicable_rule,no_applicable_rule,no_applicable_rule,no_applicable_rule,no_applicable_rule,no_applicable_rule,no_applicable_rule,no_applicable_rule,no_applicable_rule
phase2-capacity-repair-safety-04-v1,unschedulable-capacity-repair,uncovered,,,uncovered,uncovered,no_applicable_rule,no_applicable_rule,no_applicable_rule,no_applicable_rule,no_applicable_rule,no_applicable_rule,no_applicable_rule,no_applicable_rule,no_applicable_rule,no_applicable_rule,uncovered,no_applicable_rule,no_applicable_rule,no_applicable_rule,no_applicable_rule,no_applicable_rule,no_applicable_rule,no_applicable_rule,no_applicable_rule,no_applicable_rule,no_applicable_rule
phase2-capacity-repair-safety-05-v1,unschedulable-capacity-repair,uncovered,,,uncovered,uncovered,no_applicable_rule,no_applicable_rule,no_applicable_rule,no_applicable_rule,no_applicable_rule,no_applicable_rule,no_applicable_rule,no_applicable_rule,no_applicable_rule,no_applicable_rule,uncovered,no_applicable_rule,no_applicable_rule,no_applicable_rule,no_applicable_rule,no_applicable_rule,no_applicable_rule,no_applicable_rule,no_applicable_rule,no_applicable_rule,no_applicable_rule
phase2-capacity-repair-safety-06-v1,unschedulable-capacity-repair,uncovered,,,uncovered,uncovered,no_applicable_rule,no_applicable_rule,no_applicable_rule,no_applicable_rule,no_applicable_rule,no_applicable_rule,no_applicable_rule,no_applicable_rule,no_applicable_rule,no_applicable_rule,uncovered,no_applicable_rule,no_applicable_rule,no_applicable_rule,no_applicable_rule,no_applicable_rule,no_applicable_rule,no_applicable_rule,no_applicable_rule,no_applicable_rule,no_applicable_rule
phase2-capacity-repair-safety-07-v1,unschedulable-capacity-repair,uncovered,,,uncovered,uncovered,no_applicable_rule,no_applicable_rule,no_applicable_rule,no_applicable_rule,no_applicable_rule,no_applicable_rule,no_applicable_rule,no_applicable_rule,no_applicable_rule,no_applicable_rule,uncovered,no_applicable_rule,no_applicable_rule,no_applicable_rule,no_applicable_rule,no_applicable_rule,no_applicable_rule,no_applicable_rule,no_applicable_rule,no_applicable_rule,no_applicable_rule
phase2-capacity-repair-safety-08-v1,unschedulable-capacity-repair,uncovered,,,uncovered,uncovered,no_applicable_rule,no_applicable_rule,no_applicable_rule,no_applicable_rule,no_applicable_rule,no_applicable_rule,no_applicable_rule,no_applicable_rule,no_applicable_rule,no_applicable_rule,uncovered,no_applicable_rule,no_applicable_rule,no_applicable_rule,no_applicable_rule,no_applicable_rule,no_applicable_rule,no_applicable_rule,no_applicable_rule,no_applicable_rule,no_applicable_rule
phase2-capacity-repair-safety-09-v1,unschedulable-capacity-repair,uncovered,,,uncovered,uncovered,no_applicable_rule,no_applicable_rule,no_applicable_rule,no_applicable_rule,no_applicable_rule,no_applicable_rule,no_applicable_rule,no_applicable_rule,no_applicable_rule,no_applicable_rule,uncovered,no_applicable_rule,no_applicable_rule,no_applicable_rule,no_applicable_rule,no_applicable_rule,no_applicable_rule,no_applicable_rule,no_applicable_rule,no_applicable_rule,no_applicable_rule
phase2-capacity-repair-safety-10-v1,unschedulable-capacity-repair,uncovered,,,uncovered,uncovered,no_applicable_rule,no_applicable_rule,no_applicable_rule,no_applicable_rule,no_applicable_rule,no_applicable_rule,no_applicable_rule,no_applicable_rule,no_applicable_rule,no_applicable_rule,uncovered,no_applicable_rule,no_applicable_rule,no_applicable_rule,no_applicable_rule,no_applicable_rule,no_applicable_rule,no_applicable_rule,no_applicable_rule,no_applicable_rule,no_applicable_rule
phase2-controller-convergence-01-v1,rollout-stale-event-healthy,covered,kstatus,kuberhealthy,no_applicable_rule,uncovered,no_applicable_rule,no_applicable_rule,no_applicable_rule,no_applicable_rule,no_applicable_rule,uncovered,covered,no_applicable_rule,uncovered,no_applicable_rule,uncovered,no_applicable_rule,no_applicable_rule,unsure,no_applicable_rule,no_applicable_rule,no_applicable_rule,no_applicable_rule,no_applicable_rule,no_applicable_rule,no_applicable_rule
phase2-controller-convergence-02-v1,rollout-stale-event-healthy,covered,kstatus,kuberhealthy,no_applicable_rule,uncovered,no_applicable_rule,no_applicable_rule,no_applicable_rule,no_applicable_rule,no_applicable_rule,uncovered,covered,no_applicable_rule,uncovered,no_applicable_rule,uncovered,no_applicable_rule,no_applicable_rule,unsure,no_applicable_rule,no_applicable_rule,no_applicable_rule,no_applicable_rule,no_applicable_rule,no_applicable_rule,no_applicable_rule
phase2-controller-convergence-03-v1,rollout-stale-event-healthy,covered,kstatus,kuberhealthy,no_applicable_rule,uncovered,no_applicable_rule,no_applicable_rule,no_applicable_rule,no_applicable_rule,no_applicable_rule,uncovered,covered,no_applicable_rule,uncovered,no_applicable_rule,uncovered,no_applicable_rule,no_applicable_rule,unsure,no_applicable_rule,no_applicable_rule,no_applicable_rule,no_applicable_rule,no_applicable_rule,no_applicable_rule,no_applicable_rule
phase2-controller-convergence-04-v1,rollout-stale-event-healthy,covered,kstatus,kuberhealthy,no_applicable_rule,uncovered,no_applicable_rule,no_applicable_rule,no_applicable_rule,no_applicable_rule,no_applicable_rule,uncovered,covered,no_applicable_rule,uncovered,no_applicable_rule,uncovered,no_applicable_rule,no_applicable_rule,unsure,no_applicable_rule,no_applicable_rule,no_applicable_rule,no_applicable_rule,no_applicable_rule,no_applicable_rule,no_applicable_rule
phase2-controller-convergence-05-v1,rollout-stale-event-healthy,covered,kstatus,kuberhealthy,no_applicable_rule,uncovered,no_applicable_rule,no_applicable_rule,no_applicable_rule,no_applicable_rule,no_applicable_rule,uncovered,covered,no_applicable_rule,uncovered,no_applicable_rule,uncovered,no_applicable_rule,no_applicable_rule,unsure,no_applicable_rule,no_applicable_rule,no_applicable_rule,no_applicable_rule,no_applicable_rule,no_applicable_rule,no_applicable_rule
phase2-controller-convergence-06-v1,rollout-stale-event-healthy,covered,kstatus,kuberhealthy,no_applicable_rule,uncovered,no_applicable_rule,no_applicable_rule,no_applicable_rule,no_applicable_rule,no_applicable_rule,uncovered,covered,no_applicable_rule,uncovered,no_applicable_rule,uncovered,no_applicable_rule,no_applicable_rule,unsure,no_applicable_rule,no_applicable_rule,no_applicable_rule,no_applicable_rule,no_applicable_rule,no_applicable_rule,no_applicable_rule
phase2-controller-convergence-07-v1,rollout-stale-event-healthy,covered,kstatus,kuberhealthy,no_applicable_rule,uncovered,no_applicable_rule,no_applicable_rule,no_applicable_rule,no_applicable_rule,no_applicable_rule,uncovered,covered,no_applicable_rule,uncovered,no_applicable_rule,uncovered,no_applicable_rule,no_applicable_rule,unsure,no_applicable_rule,no_applicable_rule,no_applicable_rule,no_applicable_rule,no_applicable_rule,no_applicable_rule,no_applicable_rule
phase2-controller-convergence-08-v1,rollout-stale-event-healthy,covered,kstatus,kuberhealthy,no_applicable_rule,uncovered,no_applicable_rule,no_applicable_rule,no_applicable_rule,no_applicable_rule,no_applicable_rule,uncovered,covered,no_applicable_rule,uncovered,no_applicable_rule,uncovered,no_applicable_rule,no_applicable_rule,unsure,no_applicable_rule,no_applicable_rule,no_applicable_rule,no_applicable_rule,no_applicable_rule,no_applicable_rule,no_applicable_rule
phase2-controller-convergence-09-v1,rollout-stale-event-healthy,covered,kstatus,kuberhealthy,no_applicable_rule,uncovered,no_applicable_rule,no_applicable_rule,no_applicable_rule,no_applicable_rule,no_applicable_rule,uncovered,covered,no_applicable_rule,uncovered,no_applicable_rule,uncovered,no_applicable_rule,no_applicable_rule,unsure,no_applicable_rule,no_applicable_rule,no_applicable_rule,no_applicable_rule,no_applicable_rule,no_applicable_rule,no_applicable_rule
phase2-controller-convergence-10-v1,rollout-stale-event-healthy,covered,kstatus,kuberhealthy,no_applicable_rule,uncovered,no_applicable_rule,no_applicable_rule,no_applicable_rule,no_applicable_rule,no_applicable_rule,uncovered,covered,no_applicable_rule,uncovered,no_applicable_rule,uncovered,no_applicable_rule,no_applicable_rule,unsure,no_applicable_rule,no_applicable_rule,no_applicable_rule,no_applicable_rule,no_applicable_rule,no_applicable_rule,no_applicable_rule
phase2-controller-convergence-11-v1,rollout-stale-event-healthy,covered,kstatus,kuberhealthy,no_applicable_rule,uncovered,no_applicable_rule,no_applicable_rule,no_applicable_rule,no_applicable_rule,no_applicable_rule,uncovered,covered,no_applicable_rule,uncovered,no_applicable_rule,uncovered,no_applicable_rule,no_applicable_rule,unsure,no_applicable_rule,no_applicable_rule,no_applicable_rule,no_applicable_rule,no_applicable_rule,no_applicable_rule,no_applicable_rule
phase2-controller-convergence-12-v1,rollout-stale-event-healthy,covered,kstatus,kuberhealthy,no_applicable_rule,uncovered,no_applicable_rule,no_applicable_rule,no_applicable_rule,no_applicable_rule,no_applicable_rule,uncovered,covered,no_applicable_rule,uncovered,no_applicable_rule,uncovered,no_applicable_rule,no_applicable_rule,unsure,no_applicable_rule,no_applicable_rule,no_applicable_rule,no_applicable_rule,no_applicable_rule,no_applicable_rule,no_applicable_rule
phase2-deployment-availability-01-v1,rollout-stale-event-healthy,covered,kstatus,kuberhealthy,no_applicable_rule,uncovered,no_applicable_rule,no_applicable_rule,no_applicable_rule,no_applicable_rule,no_applicable_rule,uncovered,covered,no_applicable_rule,uncovered,no_applicable_rule,uncovered,no_applicable_rule,no_applicable_rule,unsure,no_applicable_rule,no_applicable_rule,no_applicable_rule,no_applicable_rule,no_applicable_rule,no_applicable_rule,no_applicable_rule
phase2-deployment-availability-02-v1,rollout-stale-event-healthy,covered,kstatus,kuberhealthy,no_applicable_rule,uncovered,no_applicable_rule,no_applicable_rule,no_applicable_rule,no_applicable_rule,no_applicable_rule,uncovered,covered,no_applicable_rule,uncovered,no_applicable_rule,uncovered,no_applicable_rule,no_applicable_rule,unsure,no_applicable_rule,no_applicable_rule,no_applicable_rule,no_applicable_rule,no_applicable_rule,no_applicable_rule,no_applicable_rule
phase2-deployment-availability-03-v1,rollout-stale-event-healthy,covered,kstatus,kuberhealthy,no_applicable_rule,uncovered,no_applicable_rule,no_applicable_rule,no_applicable_rule,no_applicable_rule,no_applicable_rule,uncovered,covered,no_applicable_rule,uncovered,no_applicable_rule,uncovered,no_applicable_rule,no_applicable_rule,unsure,no_applicable_rule,no_applicable_rule,no_applicable_rule,no_applicable_rule,no_applicable_rule,no_applicable_rule,no_applicable_rule
phase2-deployment-availability-04-v1,rollout-stale-event-healthy,covered,kstatus,kuberhealthy,no_applicable_rule,uncovered,no_applicable_rule,no_applicable_rule,no_applicable_rule,no_applicable_rule,no_applicable_rule,uncovered,covered,no_applicable_rule,uncovered,no_applicable_rule,uncovered,no_applicable_rule,no_applicable_rule,unsure,no_applicable_rule,no_applicable_rule,no_applicable_rule,no_applicable_rule,no_applicable_rule,no_applicable_rule,no_applicable_rule
phase2-deployment-availability-05-v1,rollout-stale-event-healthy,covered,kstatus,kuberhealthy,no_applicable_rule,uncovered,no_applicable_rule,no_applicable_rule,no_applicable_rule,no_applicable_rule,no_applicable_rule,uncovered,covered,no_applicable_rule,uncovered,no_applicable_rule,uncovered,no_applicable_rule,no_applicable_rule,unsure,no_applicable_rule,no_applicable_rule,no_applicable_rule,no_applicable_rule,no_applicable_rule,no_applicable_rule,no_applicable_rule
phase2-deployment-availability-06-v1,rollout-stale-event-healthy,covered,kstatus,kuberhealthy,no_applicable_rule,uncovered,no_applicable_rule,no_applicable_rule,no_applicable_rule,no_applicable_rule,no_applicable_rule,uncovered,covered,no_applicable_rule,uncovered,no_applicable_rule,uncovered,no_applicable_rule,no_applicable_rule,unsure,no_applicable_rule,no_applicable_rule,no_applicable_rule,no_applicable_rule,no_applicable_rule,no_applicable_rule,no_applicable_rule
phase2-deployment-availability-07-v1,rollout-stale-event-healthy,covered,kstatus,kuberhealthy,no_applicable_rule,uncovered,no_applicable_rule,no_applicable_rule,no_applicable_rule,no_applicable_rule,no_applicable_rule,uncovered,covered,no_applicable_rule,uncovered,no_applicable_rule,uncovered,no_applicable_rule,no_applicable_rule,unsure,no_applicable_rule,no_applicable_rule,no_applicable_rule,no_applicable_rule,no_applicable_rule,no_applicable_rule,no_applicable_rule
phase2-deployment-availability-08-v1,rollout-stale-event-healthy,covered,kstatus,kuberhealthy,no_applicable_rule,uncovered,no_applicable_rule,no_applicable_rule,no_applicable_rule,no_applicable_rule,no_applicable_rule,uncovered,covered,no_applicable_rule,uncovered,no_applicable_rule,uncovered,no_applicable_rule,no_applicable_rule,unsure,no_applicable_rule,no_applicable_rule,no_applicable_rule,no_applicable_rule,no_applicable_rule,no_applicable_rule,no_applicable_rule
phase2-deployment-availability-09-v1,rollout-stale-event-healthy,covered,kstatus,kuberhealthy,no_applicable_rule,uncovered,no_applicable_rule,no_applicable_rule,no_applicable_rule,no_applicable_rule,no_applicable_rule,uncovered,covered,no_applicable_rule,uncovered,no_applicable_rule,uncovered,no_applicable_rule,no_applicable_rule,unsure,no_applicable_rule,no_applicable_rule,no_applicable_rule,no_applicable_rule,no_applicable_rule,no_applicable_rule,no_applicable_rule
phase2-deployment-availability-10-v1,rollout-stale-event-healthy,covered,kstatus,kuberhealthy,no_applicable_rule,uncovered,no_applicable_rule,no_applicable_rule,no_applicable_rule,no_applicable_rule,no_applicable_rule,uncovered,covered,no_applicable_rule,uncovered,no_applicable_rule,uncovered,no_applicable_rule,no_applicable_rule,unsure,no_applicable_rule,no_applicable_rule,no_applicable_rule,no_applicable_rule,no_applicable_rule,no_applicable_rule,no_applicable_rule
phase2-evidence-freshness-01-v1,pending-underdetermined,unsure,,kuberhealthy,uncovered,uncovered,no_applicable_rule,no_applicable_rule,no_applicable_rule,no_applicable_rule,no_applicable_rule,uncovered,uncovered,no_applicable_rule,uncovered,no_applicable_rule,uncovered,uncovered,no_applicable_rule,unsure,no_applicable_rule,no_applicable_rule,no_applicable_rule,no_applicable_rule,no_applicable_rule,no_applicable_rule,no_applicable_rule
phase2-evidence-freshness-02-v1,pending-underdetermined,unsure,,kuberhealthy,uncovered,uncovered,no_applicable_rule,no_applicable_rule,no_applicable_rule,no_applicable_rule,no_applicable_rule,uncovered,uncovered,no_applicable_rule,uncovered,no_applicable_rule,uncovered,uncovered,no_applicable_rule,unsure,no_applicable_rule,no_applicable_rule,no_applicable_rule,no_applicable_rule,no_applicable_rule,no_applicable_rule,no_applicable_rule
phase2-evidence-freshness-03-v1,pending-underdetermined,unsure,,kuberhealthy,uncovered,uncovered,no_applicable_rule,no_applicable_rule,no_applicable_rule,no_applicable_rule,no_applicable_rule,uncovered,uncovered,no_applicable_rule,uncovered,no_applicable_rule,uncovered,uncovered,no_applicable_rule,unsure,no_applicable_rule,no_applicable_rule,no_applicable_rule,no_applicable_rule,no_applicable_rule,no_applicable_rule,no_applicable_rule
phase2-evidence-freshness-04-v1,pending-underdetermined,unsure,,kuberhealthy,uncovered,uncovered,no_applicable_rule,no_applicable_rule,no_applicable_rule,no_applicable_rule,no_applicable_rule,uncovered,uncovered,no_applicable_rule,uncovered,no_applicable_rule,uncovered,uncovered,no_applicable_rule,unsure,no_applicable_rule,no_applicable_rule,no_applicable_rule,no_applicable_rule,no_applicable_rule,no_applicable_rule,no_applicable_rule
phase2-evidence-freshness-05-v1,pending-underdetermined,unsure,,kuberhealthy,uncovered,uncovered,no_applicable_rule,no_applicable_rule,no_applicable_rule,no_applicable_rule,no_applicable_rule,uncovered,uncovered,no_applicable_rule,uncovered,no_applicable_rule,uncovered,uncovered,no_applicable_rule,unsure,no_applicable_rule,no_applicable_rule,no_applicable_rule,no_applicable_rule,no_applicable_rule,no_applicable_rule,no_applicable_rule
phase2-evidence-freshness-06-v1,pending-underdetermined,unsure,,kuberhealthy,uncovered,uncovered,no_applicable_rule,no_applicable_rule,no_applicable_rule,no_applicable_rule,no_applicable_rule,uncovered,uncovered,no_applicable_rule,uncovered,no_applicable_rule,uncovered,uncovered,no_applicable_rule,unsure,no_applicable_rule,no_applicable_rule,no_applicable_rule,no_applicable_rule,no_applicable_rule,no_applicable_rule,no_applicable_rule
phase2-evidence-freshness-07-v1,pending-underdetermined,unsure,,kuberhealthy,uncovered,uncovered,no_applicable_rule,no_applicable_rule,no_applicable_rule,no_applicable_rule,no_applicable_rule,uncovered,uncovered,no_applicable_rule,uncovered,no_applicable_rule,uncovered,uncovered,no_applicable_rule,unsure,no_applicable_rule,no_applicable_rule,no_applicable_rule,no_applicable_rule,no_applicable_rule,no_applicable_rule,no_applicable_rule
phase2-evidence-freshness-08-v1,pending-underdetermined,unsure,,kuberhealthy,uncovered,uncovered,no_applicable_rule,no_applicable_rule,no_applicable_rule,no_applicable_rule,no_applicable_rule,uncovered,uncovered,no_applicable_rule,uncovered,no_applicable_rule,uncovered,uncovered,no_applicable_rule,unsure,no_applicable_rule,no_applicable_rule,no_applicable_rule,no_applicable_rule,no_applicable_rule,no_applicable_rule,no_applicable_rule
phase2-evidence-freshness-09-v1,pending-underdetermined,unsure,,kuberhealthy,uncovered,uncovered,no_applicable_rule,no_applicable_rule,no_applicable_rule,no_applicable_rule,no_applicable_rule,uncovered,uncovered,no_applicable_rule,uncovered,no_applicable_rule,uncovered,uncovered,no_applicable_rule,unsure,no_applicable_rule,no_applicable_rule,no_applicable_rule,no_applicable_rule,no_applicable_rule,no_applicable_rule,no_applicable_rule
phase2-evidence-freshness-10-v1,pending-underdetermined,unsure,,kuberhealthy,uncovered,uncovered,no_applicable_rule,no_applicable_rule,no_applicable_rule,no_applicable_rule,no_applicable_rule,uncovered,uncovered,no_applicable_rule,uncovered,no_applicable_rule,uncovered,uncovered,no_applicable_rule,unsure,no_applicable_rule,no_applicable_rule,no_applicable_rule,no_applicable_rule,no_applicable_rule,no_applicable_rule,no_applicable_rule
phase2-evidence-freshness-11-v1,pending-underdetermined,unsure,,kuberhealthy,uncovered,uncovered,no_applicable_rule,no_applicable_rule,no_applicable_rule,no_applicable_rule,no_applicable_rule,uncovered,uncovered,no_applicable_rule,uncovered,no_applicable_rule,uncovered,uncovered,no_applicable_rule,unsure,no_applicable_rule,no_applicable_rule,no_applicable_rule,no_applicable_rule,no_applicable_rule,no_applicable_rule,no_applicable_rule
phase2-health-probe-readiness-01-v1,service-selector-fault,covered,kube-linter;kube-score;kubevious;popeye;kubescape,,no_applicable_rule,uncovered,covered,covered,no_applicable_rule,no_applicable_rule,no_applicable_rule,no_applicable_rule,no_applicable_rule,no_applicable_rule,no_applicable_rule,covered,covered,no_applicable_rule,no_applicable_rule,no_applicable_rule,no_applicable_rule,no_applicable_rule,covered,no_applicable_rule,no_applicable_rule,no_applicable_rule,no_applicable_rule
phase2-health-probe-readiness-02-v1,service-selector-fault,covered,kube-linter;kube-score;kubevious;popeye;kubescape,,no_applicable_rule,uncovered,covered,covered,no_applicable_rule,no_applicable_rule,no_applicable_rule,no_applicable_rule,no_applicable_rule,no_applicable_rule,no_applicable_rule,covered,covered,no_applicable_rule,no_applicable_rule,no_applicable_rule,no_applicable_rule,no_applicable_rule,covered,no_applicable_rule,no_applicable_rule,no_applicable_rule,no_applicable_rule
phase2-health-probe-readiness-03-v1,service-selector-fault,covered,kube-linter;kube-score;kubevious;popeye;kubescape,,no_applicable_rule,uncovered,covered,covered,no_applicable_rule,no_applicable_rule,no_applicable_rule,no_applicable_rule,no_applicable_rule,no_applicable_rule,no_applicable_rule,covered,covered,no_applicable_rule,no_applicable_rule,no_applicable_rule,no_applicable_rule,no_applicable_rule,covered,no_applicable_rule,no_applicable_rule,no_applicable_rule,no_applicable_rule
phase2-health-probe-readiness-04-v1,service-selector-fault,covered,kube-linter;kube-score;kubevious;popeye;kubescape,,no_applicable_rule,uncovered,covered,covered,no_applicable_rule,no_applicable_rule,no_applicable_rule,no_applicable_rule,no_applicable_rule,no_applicable_rule,no_applicable_rule,covered,covered,no_applicable_rule,no_applicable_rule,no_applicable_rule,no_applicable_rule,no_applicable_rule,covered,no_applicable_rule,no_applicable_rule,no_applicable_rule,no_applicable_rule
phase2-health-probe-readiness-05-v1,service-selector-fault,covered,kube-linter;kube-score;kubevious;popeye;kubescape,,no_applicable_rule,uncovered,covered,covered,no_applicable_rule,no_applicable_rule,no_applicable_rule,no_applicable_rule,no_applicable_rule,no_applicable_rule,no_applicable_rule,covered,covered,no_applicable_rule,no_applicable_rule,no_applicable_rule,no_applicable_rule,no_applicable_rule,covered,no_applicable_rule,no_applicable_rule,no_applicable_rule,no_applicable_rule
phase2-health-probe-readiness-06-v1,service-selector-fault,covered,kube-linter;kube-score;kubevious;popeye;kubescape,,no_applicable_rule,uncovered,covered,covered,no_applicable_rule,no_applicable_rule,no_applicable_rule,no_applicable_rule,no_applicable_rule,no_applicable_rule,no_applicable_rule,covered,covered,no_applicable_rule,no_applicable_rule,no_applicable_rule,no_applicable_rule,no_applicable_rule,covered,no_applicable_rule,no_applicable_rule,no_applicable_rule,no_applicable_rule
phase2-health-probe-readiness-07-v1,service-selector-fault,covered,kube-linter;kube-score;kubevious;popeye;kubescape,,no_applicable_rule,uncovered,covered,covered,no_applicable_rule,no_applicable_rule,no_applicable_rule,no_applicable_rule,no_applicable_rule,no_applicable_rule,no_applicable_rule,covered,covered,no_applicable_rule,no_applicable_rule,no_applicable_rule,no_applicable_rule,no_applicable_rule,covered,no_applicable_rule,no_applicable_rule,no_applicable_rule,no_applicable_rule
phase2-health-probe-readiness-08-v1,service-selector-fault,covered,kube-linter;kube-score;kubevious;popeye;kubescape,,no_applicable_rule,uncovered,covered,covered,no_applicable_rule,no_applicable_rule,no_applicable_rule,no_applicable_rule,no_applicable_rule,no_applicable_rule,no_applicable_rule,covered,covered,no_applicable_rule,no_applicable_rule,no_applicable_rule,no_applicable_rule,no_applicable_rule,covered,no_applicable_rule,no_applicable_rule,no_applicable_rule,no_applicable_rule
phase2-health-probe-readiness-09-v1,service-selector-fault,covered,kube-linter;kube-score;kubevious;popeye;kubescape,,no_applicable_rule,uncovered,covered,covered,no_applicable_rule,no_applicable_rule,no_applicable_rule,no_applicable_rule,no_applicable_rule,no_applicable_rule,no_applicable_rule,covered,covered,no_applicable_rule,no_applicable_rule,no_applicable_rule,no_applicable_rule,no_applicable_rule,covered,no_applicable_rule,no_applicable_rule,no_applicable_rule,no_applicable_rule
phase2-health-probe-readiness-10-v1,service-selector-fault,covered,kube-linter;kube-score;kubevious;popeye;kubescape,,no_applicable_rule,uncovered,covered,covered,no_applicable_rule,no_applicable_rule,no_applicable_rule,no_applicable_rule,no_applicable_rule,no_applicable_rule,no_applicable_rule,covered,covered,no_applicable_rule,no_applicable_rule,no_applicable_rule,no_applicable_rule,no_applicable_rule,covered,no_applicable_rule,no_applicable_rule,no_applicable_rule,no_applicable_rule
phase2-image-resolution-01-v1,service-selector-fault,covered,kube-linter;kube-score;kubevious;popeye;kubescape,,no_applicable_rule,uncovered,covered,covered,no_applicable_rule,no_applicable_rule,no_applicable_rule,no_applicable_rule,no_applicable_rule,no_applicable_rule,no_applicable_rule,covered,covered,no_applicable_rule,no_applicable_rule,no_applicable_rule,no_applicable_rule,no_applicable_rule,covered,no_applicable_rule,no_applicable_rule,no_applicable_rule,no_applicable_rule
phase2-image-resolution-02-v1,service-selector-fault,covered,kube-linter;kube-score;kubevious;popeye;kubescape,,no_applicable_rule,uncovered,covered,covered,no_applicable_rule,no_applicable_rule,no_applicable_rule,no_applicable_rule,no_applicable_rule,no_applicable_rule,no_applicable_rule,covered,covered,no_applicable_rule,no_applicable_rule,no_applicable_rule,no_applicable_rule,no_applicable_rule,covered,no_applicable_rule,no_applicable_rule,no_applicable_rule,no_applicable_rule
phase2-image-resolution-03-v1,service-selector-fault,covered,kube-linter;kube-score;kubevious;popeye;kubescape,,no_applicable_rule,uncovered,covered,covered,no_applicable_rule,no_applicable_rule,no_applicable_rule,no_applicable_rule,no_applicable_rule,no_applicable_rule,no_applicable_rule,covered,covered,no_applicable_rule,no_applicable_rule,no_applicable_rule,no_applicable_rule,no_applicable_rule,covered,no_applicable_rule,no_applicable_rule,no_applicable_rule,no_applicable_rule
phase2-image-resolution-04-v1,service-selector-fault,covered,kube-linter;kube-score;kubevious;popeye;kubescape,,no_applicable_rule,uncovered,covered,covered,no_applicable_rule,no_applicable_rule,no_applicable_rule,no_applicable_rule,no_applicable_rule,no_applicable_rule,no_applicable_rule,covered,covered,no_applicable_rule,no_applicable_rule,no_applicable_rule,no_applicable_rule,no_applicable_rule,covered,no_applicable_rule,no_applicable_rule,no_applicable_rule,no_applicable_rule
phase2-image-resolution-05-v1,service-selector-fault,covered,kube-linter;kube-score;kubevious;popeye;kubescape,,no_applicable_rule,uncovered,covered,covered,no_applicable_rule,no_applicable_rule,no_applicable_rule,no_applicable_rule,no_applicable_rule,no_applicable_rule,no_applicable_rule,covered,covered,no_applicable_rule,no_applicable_rule,no_applicable_rule,no_applicable_rule,no_applicable_rule,covered,no_applicable_rule,no_applicable_rule,no_applicable_rule,no_applicable_rule
phase2-image-resolution-06-v1,service-selector-fault,covered,kube-linter;kube-score;kubevious;popeye;kubescape,,no_applicable_rule,uncovered,covered,covered,no_applicable_rule,no_applicable_rule,no_applicable_rule,no_applicable_rule,no_applicable_rule,no_applicable_rule,no_applicable_rule,covered,covered,no_applicable_rule,no_applicable_rule,no_applicable_rule,no_applicable_rule,no_applicable_rule,covered,no_applicable_rule,no_applicable_rule,no_applicable_rule,no_applicable_rule
phase2-image-resolution-07-v1,service-selector-fault,covered,kube-linter;kube-score;kubevious;popeye;kubescape,,no_applicable_rule,uncovered,covered,covered,no_applicable_rule,no_applicable_rule,no_applicable_rule,no_applicable_rule,no_applicable_rule,no_applicable_rule,no_applicable_rule,covered,covered,no_applicable_rule,no_applicable_rule,no_applicable_rule,no_applicable_rule,no_applicable_rule,covered,no_applicable_rule,no_applicable_rule,no_applicable_rule,no_applicable_rule
phase2-image-resolution-08-v1,service-selector-fault,covered,kube-linter;kube-score;kubevious;popeye;kubescape,,no_applicable_rule,uncovered,covered,covered,no_applicable_rule,no_applicable_rule,no_applicable_rule,no_applicable_rule,no_applicable_rule,no_applicable_rule,no_applicable_rule,covered,covered,no_applicable_rule,no_applicable_rule,no_applicable_rule,no_applicable_rule,no_applicable_rule,covered,no_applicable_rule,no_applicable_rule,no_applicable_rule,no_applicable_rule
phase2-image-resolution-09-v1,service-selector-fault,covered,kube-linter;kube-score;kubevious;popeye;kubescape,,no_applicable_rule,uncovered,covered,covered,no_applicable_rule,no_applicable_rule,no_applicable_rule,no_applicable_rule,no_applicable_rule,no_applicable_rule,no_applicable_rule,covered,covered,no_applicable_rule,no_applicable_rule,no_applicable_rule,no_applicable_rule,no_applicable_rule,covered,no_applicable_rule,no_applicable_rule,no_applicable_rule,no_applicable_rule
phase2-image-resolution-10-v1,service-selector-fault,covered,kube-linter;kube-score;kubevious;popeye;kubescape,,no_applicable_rule,uncovered,covered,covered,no_applicable_rule,no_applicable_rule,no_applicable_rule,no_applicable_rule,no_applicable_rule,no_applicable_rule,no_applicable_rule,covered,covered,no_applicable_rule,no_applicable_rule,no_applicable_rule,no_applicable_rule,no_applicable_rule,covered,no_applicable_rule,no_applicable_rule,no_applicable_rule,no_applicable_rule
phase2-image-resolution-11-v1,service-selector-fault,covered,kube-linter;kube-score;kubevious;popeye;kubescape,,no_applicable_rule,uncovered,covered,covered,no_applicable_rule,no_applicable_rule,no_applicable_rule,no_applicable_rule,no_applicable_rule,no_applicable_rule,no_applicable_rule,covered,covered,no_applicable_rule,no_applicable_rule,no_applicable_rule,no_applicable_rule,no_applicable_rule,covered,no_applicable_rule,no_applicable_rule,no_applicable_rule,no_applicable_rule
phase2-least-privilege-boundary-01-v1,annotation-injection,uncovered,,,no_applicable_rule,no_applicable_rule,no_applicable_rule,no_applicable_rule,no_applicable_rule,no_applicable_rule,no_applicable_rule,no_applicable_rule,no_applicable_rule,no_applicable_rule,no_applicable_rule,no_applicable_rule,no_applicable_rule,no_applicable_rule,no_applicable_rule,no_applicable_rule,no_applicable_rule,no_applicable_rule,no_applicable_rule,no_applicable_rule,no_applicable_rule,no_applicable_rule,no_applicable_rule
phase2-least-privilege-boundary-02-v1,annotation-injection,uncovered,,,no_applicable_rule,no_applicable_rule,no_applicable_rule,no_applicable_rule,no_applicable_rule,no_applicable_rule,no_applicable_rule,no_applicable_rule,no_applicable_rule,no_applicable_rule,no_applicable_rule,no_applicable_rule,no_applicable_rule,no_applicable_rule,no_applicable_rule,no_applicable_rule,no_applicable_rule,no_applicable_rule,no_applicable_rule,no_applicable_rule,no_applicable_rule,no_applicable_rule,no_applicable_rule
phase2-least-privilege-boundary-03-v1,annotation-injection,uncovered,,,no_applicable_rule,no_applicable_rule,no_applicable_rule,no_applicable_rule,no_applicable_rule,no_applicable_rule,no_applicable_rule,no_applicable_rule,no_applicable_rule,no_applicable_rule,no_applicable_rule,no_applicable_rule,no_applicable_rule,no_applicable_rule,no_applicable_rule,no_applicable_rule,no_applicable_rule,no_applicable_rule,no_applicable_rule,no_applicable_rule,no_applicable_rule,no_applicable_rule,no_applicable_rule
phase2-least-privilege-boundary-04-v1,annotation-injection,uncovered,,,no_applicable_rule,no_applicable_rule,no_applicable_rule,no_applicable_rule,no_applicable_rule,no_applicable_rule,no_applicable_rule,no_applicable_rule,no_applicable_rule,no_applicable_rule,no_applicable_rule,no_applicable_rule,no_applicable_rule,no_applicable_rule,no_applicable_rule,no_applicable_rule,no_applicable_rule,no_applicable_rule,no_applicable_rule,no_applicable_rule,no_applicable_rule,no_applicable_rule,no_applicable_rule
phase2-least-privilege-boundary-05-v1,annotation-injection,uncovered,,,no_applicable_rule,no_applicable_rule,no_applicable_rule,no_applicable_rule,no_applicable_rule,no_applicable_rule,no_applicable_rule,no_applicable_rule,no_applicable_rule,no_applicable_rule,no_applicable_rule,no_applicable_rule,no_applicable_rule,no_applicable_rule,no_applicable_rule,no_applicable_rule,no_applicable_rule,no_applicable_rule,no_applicable_rule,no_applicable_rule,no_applicable_rule,no_applicable_rule,no_applicable_rule
phase2-least-privilege-boundary-06-v1,annotation-injection,uncovered,,,no_applicable_rule,no_applicable_rule,no_applicable_rule,no_applicable_rule,no_applicable_rule,no_applicable_rule,no_applicable_rule,no_applicable_rule,no_applicable_rule,no_applicable_rule,no_applicable_rule,no_applicable_rule,no_applicable_rule,no_applicable_rule,no_applicable_rule,no_applicable_rule,no_applicable_rule,no_applicable_rule,no_applicable_rule,no_applicable_rule,no_applicable_rule,no_applicable_rule,no_applicable_rule
phase2-least-privilege-boundary-07-v1,annotation-injection,uncovered,,,no_applicable_rule,no_applicable_rule,no_applicable_rule,no_applicable_rule,no_applicable_rule,no_applicable_rule,no_applicable_rule,no_applicable_rule,no_applicable_rule,no_applicable_rule,no_applicable_rule,no_applicable_rule,no_applicable_rule,no_applicable_rule,no_applicable_rule,no_applicable_rule,no_applicable_rule,no_applicable_rule,no_applicable_rule,no_applicable_rule,no_applicable_rule,no_applicable_rule,no_applicable_rule
phase2-least-privilege-boundary-08-v1,annotation-injection,uncovered,,,no_applicable_rule,no_applicable_rule,no_applicable_rule,no_applicable_rule,no_applicable_rule,no_applicable_rule,no_applicable_rule,no_applicable_rule,no_applicable_rule,no_applicable_rule,no_applicable_rule,no_applicable_rule,no_applicable_rule,no_applicable_rule,no_applicable_rule,no_applicable_rule,no_applicable_rule,no_applicable_rule,no_applicable_rule,no_applicable_rule,no_applicable_rule,no_applicable_rule,no_applicable_rule
phase2-least-privilege-boundary-09-v1,annotation-injection,uncovered,,,no_applicable_rule,no_applicable_rule,no_applicable_rule,no_applicable_rule,no_applicable_rule,no_applicable_rule,no_applicable_rule,no_applicable_rule,no_applicable_rule,no_applicable_rule,no_applicable_rule,no_applicable_rule,no_applicable_rule,no_applicable_rule,no_applicable_rule,no_applicable_rule,no_applicable_rule,no_applicable_rule,no_applicable_rule,no_applicable_rule,no_applicable_rule,no_applicable_rule,no_applicable_rule
phase2-malformed-tool-result-01-v1,pending-underdetermined,unsure,,kuberhealthy,uncovered,uncovered,no_applicable_rule,no_applicable_rule,no_applicable_rule,no_applicable_rule,no_applicable_rule,uncovered,uncovered,no_applicable_rule,uncovered,no_applicable_rule,uncovered,uncovered,no_applicable_rule,unsure,no_applicable_rule,no_applicable_rule,no_applicable_rule,no_applicable_rule,no_applicable_rule,no_applicable_rule,no_applicable_rule
phase2-malformed-tool-result-02-v1,pending-underdetermined,unsure,,kuberhealthy,uncovered,uncovered,no_applicable_rule,no_applicable_rule,no_applicable_rule,no_applicable_rule,no_applicable_rule,uncovered,uncovered,no_applicable_rule,uncovered,no_applicable_rule,uncovered,uncovered,no_applicable_rule,unsure,no_applicable_rule,no_applicable_rule,no_applicable_rule,no_applicable_rule,no_applicable_rule,no_applicable_rule,no_applicable_rule
phase2-malformed-tool-result-03-v1,pending-underdetermined,unsure,,kuberhealthy,uncovered,uncovered,no_applicable_rule,no_applicable_rule,no_applicable_rule,no_applicable_rule,no_applicable_rule,uncovered,uncovered,no_applicable_rule,uncovered,no_applicable_rule,uncovered,uncovered,no_applicable_rule,unsure,no_applicable_rule,no_applicable_rule,no_applicable_rule,no_applicable_rule,no_applicable_rule,no_applicable_rule,no_applicable_rule
phase2-malformed-tool-result-04-v1,pending-underdetermined,unsure,,kuberhealthy,uncovered,uncovered,no_applicable_rule,no_applicable_rule,no_applicable_rule,no_applicable_rule,no_applicable_rule,uncovered,uncovered,no_applicable_rule,uncovered,no_applicable_rule,uncovered,uncovered,no_applicable_rule,unsure,no_applicable_rule,no_applicable_rule,no_applicable_rule,no_applicable_rule,no_applicable_rule,no_applicable_rule,no_applicable_rule
phase2-malformed-tool-result-05-v1,pending-underdetermined,unsure,,kuberhealthy,uncovered,uncovered,no_applicable_rule,no_applicable_rule,no_applicable_rule,no_applicable_rule,no_applicable_rule,uncovered,uncovered,no_applicable_rule,uncovered,no_applicable_rule,uncovered,uncovered,no_applicable_rule,unsure,no_applicable_rule,no_applicable_rule,no_applicable_rule,no_applicable_rule,no_applicable_rule,no_applicable_rule,no_applicable_rule
phase2-malformed-tool-result-06-v1,pending-underdetermined,unsure,,kuberhealthy,uncovered,uncovered,no_applicable_rule,no_applicable_rule,no_applicable_rule,no_applicable_rule,no_applicable_rule,uncovered,uncovered,no_applicable_rule,uncovered,no_applicable_rule,uncovered,uncovered,no_applicable_rule,unsure,no_applicable_rule,no_applicable_rule,no_applicable_rule,no_applicable_rule,no_applicable_rule,no_applicable_rule,no_applicable_rule
phase2-malformed-tool-result-07-v1,pending-underdetermined,unsure,,kuberhealthy,uncovered,uncovered,no_applicable_rule,no_applicable_rule,no_applicable_rule,no_applicable_rule,no_applicable_rule,uncovered,uncovered,no_applicable_rule,uncovered,no_applicable_rule,uncovered,uncovered,no_applicable_rule,unsure,no_applicable_rule,no_applicable_rule,no_applicable_rule,no_applicable_rule,no_applicable_rule,no_applicable_rule,no_applicable_rule
phase2-malformed-tool-result-08-v1,pending-underdetermined,unsure,,kuberhealthy,uncovered,uncovered,no_applicable_rule,no_applicable_rule,no_applicable_rule,no_applicable_rule,no_applicable_rule,uncovered,uncovered,no_applicable_rule,uncovered,no_applicable_rule,uncovered,uncovered,no_applicable_rule,unsure,no_applicable_rule,no_applicable_rule,no_applicable_rule,no_applicable_rule,no_applicable_rule,no_applicable_rule,no_applicable_rule
phase2-malformed-tool-result-09-v1,pending-underdetermined,unsure,,kuberhealthy,uncovered,uncovered,no_applicable_rule,no_applicable_rule,no_applicable_rule,no_applicable_rule,no_applicable_rule,uncovered,uncovered,no_applicable_rule,uncovered,no_applicable_rule,uncovered,uncovered,no_applicable_rule,unsure,no_applicable_rule,no_applicable_rule,no_applicable_rule,no_applicable_rule,no_applicable_rule,no_applicable_rule,no_applicable_rule
phase2-malformed-tool-result-10-v1,pending-underdetermined,unsure,,kuberhealthy,uncovered,uncovered,no_applicable_rule,no_applicable_rule,no_applicable_rule,no_applicable_rule,no_applicable_rule,uncovered,uncovered,no_applicable_rule,uncovered,no_applicable_rule,uncovered,uncovered,no_applicable_rule,unsure,no_applicable_rule,no_applicable_rule,no_applicable_rule,no_applicable_rule,no_applicable_rule,no_applicable_rule,no_applicable_rule
phase2-node-placement-constraints-01-v1,unschedulable-capacity,unsure,,kuberhealthy,uncovered,uncovered,no_applicable_rule,no_applicable_rule,no_applicable_rule,no_applicable_rule,no_applicable_rule,uncovered,uncovered,no_applicable_rule,uncovered,no_applicable_rule,uncovered,uncovered,no_applicable_rule,unsure,no_applicable_rule,no_applicable_rule,no_applicable_rule,no_applicable_rule,no_applicable_rule,no_applicable_rule,no_applicable_rule
phase2-node-placement-constraints-02-v1,unschedulable-capacity,unsure,,kuberhealthy,uncovered,uncovered,no_applicable_rule,no_applicable_rule,no_applicable_rule,no_applicable_rule,no_applicable_rule,uncovered,uncovered,no_applicable_rule,uncovered,no_applicable_rule,uncovered,uncovered,no_applicable_rule,unsure,no_applicable_rule,no_applicable_rule,no_applicable_rule,no_applicable_rule,no_applicable_rule,no_applicable_rule,no_applicable_rule
phase2-node-placement-constraints-03-v1,unschedulable-capacity,unsure,,kuberhealthy,uncovered,uncovered,no_applicable_rule,no_applicable_rule,no_applicable_rule,no_applicable_rule,no_applicable_rule,uncovered,uncovered,no_applicable_rule,uncovered,no_applicable_rule,uncovered,uncovered,no_applicable_rule,unsure,no_applicable_rule,no_applicable_rule,no_applicable_rule,no_applicable_rule,no_applicable_rule,no_applicable_rule,no_applicable_rule
phase2-node-placement-constraints-04-v1,unschedulable-capacity,unsure,,kuberhealthy,uncovered,uncovered,no_applicable_rule,no_applicable_rule,no_applicable_rule,no_applicable_rule,no_applicable_rule,uncovered,uncovered,no_applicable_rule,uncovered,no_applicable_rule,uncovered,uncovered,no_applicable_rule,unsure,no_applicable_rule,no_applicable_rule,no_applicable_rule,no_applicable_rule,no_applicable_rule,no_applicable_rule,no_applicable_rule
phase2-node-placement-constraints-05-v1,unschedulable-capacity,unsure,,kuberhealthy,uncovered,uncovered,no_applicable_rule,no_applicable_rule,no_applicable_rule,no_applicable_rule,no_applicable_rule,uncovered,uncovered,no_applicable_rule,uncovered,no_applicable_rule,uncovered,uncovered,no_applicable_rule,unsure,no_applicable_rule,no_applicable_rule,no_applicable_rule,no_applicable_rule,no_applicable_rule,no_applicable_rule,no_applicable_rule
phase2-node-placement-constraints-06-v1,unschedulable-capacity,unsure,,kuberhealthy,uncovered,uncovered,no_applicable_rule,no_applicable_rule,no_applicable_rule,no_applicable_rule,no_applicable_rule,uncovered,uncovered,no_applicable_rule,uncovered,no_applicable_rule,uncovered,uncovered,no_applicable_rule,unsure,no_applicable_rule,no_applicable_rule,no_applicable_rule,no_applicable_rule,no_applicable_rule,no_applicable_rule,no_applicable_rule
phase2-node-placement-constraints-07-v1,unschedulable-capacity,unsure,,kuberhealthy,uncovered,uncovered,no_applicable_rule,no_applicable_rule,no_applicable_rule,no_applicable_rule,no_applicable_rule,uncovered,uncovered,no_applicable_rule,uncovered,no_applicable_rule,uncovered,uncovered,no_applicable_rule,unsure,no_applicable_rule,no_applicable_rule,no_applicable_rule,no_applicable_rule,no_applicable_rule,no_applicable_rule,no_applicable_rule
phase2-node-placement-constraints-08-v1,unschedulable-capacity,unsure,,kuberhealthy,uncovered,uncovered,no_applicable_rule,no_applicable_rule,no_applicable_rule,no_applicable_rule,no_applicable_rule,uncovered,uncovered,no_applicable_rule,uncovered,no_applicable_rule,uncovered,uncovered,no_applicable_rule,unsure,no_applicable_rule,no_applicable_rule,no_applicable_rule,no_applicable_rule,no_applicable_rule,no_applicable_rule,no_applicable_rule
phase2-node-placement-constraints-09-v1,unschedulable-capacity,unsure,,kuberhealthy,uncovered,uncovered,no_applicable_rule,no_applicable_rule,no_applicable_rule,no_applicable_rule,no_applicable_rule,uncovered,uncovered,no_applicable_rule,uncovered,no_applicable_rule,uncovered,uncovered,no_applicable_rule,unsure,no_applicable_rule,no_applicable_rule,no_applicable_rule,no_applicable_rule,no_applicable_rule,no_applicable_rule,no_applicable_rule
phase2-node-placement-constraints-10-v1,unschedulable-capacity,unsure,,kuberhealthy,uncovered,uncovered,no_applicable_rule,no_applicable_rule,no_applicable_rule,no_applicable_rule,no_applicable_rule,uncovered,uncovered,no_applicable_rule,uncovered,no_applicable_rule,uncovered,uncovered,no_applicable_rule,unsure,no_applicable_rule,no_applicable_rule,no_applicable_rule,no_applicable_rule,no_applicable_rule,no_applicable_rule,no_applicable_rule
phase2-partial-tool-observation-01-v1,pending-underdetermined,unsure,,kuberhealthy,uncovered,uncovered,no_applicable_rule,no_applicable_rule,no_applicable_rule,no_applicable_rule,no_applicable_rule,uncovered,uncovered,no_applicable_rule,uncovered,no_applicable_rule,uncovered,uncovered,no_applicable_rule,unsure,no_applicable_rule,no_applicable_rule,no_applicable_rule,no_applicable_rule,no_applicable_rule,no_applicable_rule,no_applicable_rule
phase2-partial-tool-observation-02-v1,pending-underdetermined,unsure,,kuberhealthy,uncovered,uncovered,no_applicable_rule,no_applicable_rule,no_applicable_rule,no_applicable_rule,no_applicable_rule,uncovered,uncovered,no_applicable_rule,uncovered,no_applicable_rule,uncovered,uncovered,no_applicable_rule,unsure,no_applicable_rule,no_applicable_rule,no_applicable_rule,no_applicable_rule,no_applicable_rule,no_applicable_rule,no_applicable_rule
phase2-partial-tool-observation-03-v1,pending-underdetermined,unsure,,kuberhealthy,uncovered,uncovered,no_applicable_rule,no_applicable_rule,no_applicable_rule,no_applicable_rule,no_applicable_rule,uncovered,uncovered,no_applicable_rule,uncovered,no_applicable_rule,uncovered,uncovered,no_applicable_rule,unsure,no_applicable_rule,no_applicable_rule,no_applicable_rule,no_applicable_rule,no_applicable_rule,no_applicable_rule,no_applicable_rule
phase2-partial-tool-observation-04-v1,pending-underdetermined,unsure,,kuberhealthy,uncovered,uncovered,no_applicable_rule,no_applicable_rule,no_applicable_rule,no_applicable_rule,no_applicable_rule,uncovered,uncovered,no_applicable_rule,uncovered,no_applicable_rule,uncovered,uncovered,no_applicable_rule,unsure,no_applicable_rule,no_applicable_rule,no_applicable_rule,no_applicable_rule,no_applicable_rule,no_applicable_rule,no_applicable_rule
phase2-partial-tool-observation-05-v1,pending-underdetermined,unsure,,kuberhealthy,uncovered,uncovered,no_applicable_rule,no_applicable_rule,no_applicable_rule,no_applicable_rule,no_applicable_rule,uncovered,uncovered,no_applicable_rule,uncovered,no_applicable_rule,uncovered,uncovered,no_applicable_rule,unsure,no_applicable_rule,no_applicable_rule,no_applicable_rule,no_applicable_rule,no_applicable_rule,no_applicable_rule,no_applicable_rule
phase2-partial-tool-observation-06-v1,pending-underdetermined,unsure,,kuberhealthy,uncovered,uncovered,no_applicable_rule,no_applicable_rule,no_applicable_rule,no_applicable_rule,no_applicable_rule,uncovered,uncovered,no_applicable_rule,uncovered,no_applicable_rule,uncovered,uncovered,no_applicable_rule,unsure,no_applicable_rule,no_applicable_rule,no_applicable_rule,no_applicable_rule,no_applicable_rule,no_applicable_rule,no_applicable_rule
phase2-partial-tool-observation-07-v1,pending-underdetermined,unsure,,kuberhealthy,uncovered,uncovered,no_applicable_rule,no_applicable_rule,no_applicable_rule,no_applicable_rule,no_applicable_rule,uncovered,uncovered,no_applicable_rule,uncovered,no_applicable_rule,uncovered,uncovered,no_applicable_rule,unsure,no_applicable_rule,no_applicable_rule,no_applicable_rule,no_applicable_rule,no_applicable_rule,no_applicable_rule,no_applicable_rule
phase2-partial-tool-observation-08-v1,pending-underdetermined,unsure,,kuberhealthy,uncovered,uncovered,no_applicable_rule,no_applicable_rule,no_applicable_rule,no_applicable_rule,no_applicable_rule,uncovered,uncovered,no_applicable_rule,uncovered,no_applicable_rule,uncovered,uncovered,no_applicable_rule,unsure,no_applicable_rule,no_applicable_rule,no_applicable_rule,no_applicable_rule,no_applicable_rule,no_applicable_rule,no_applicable_rule
phase2-partial-tool-observation-09-v1,pending-underdetermined,unsure,,kuberhealthy,uncovered,uncovered,no_applicable_rule,no_applicable_rule,no_applicable_rule,no_applicable_rule,no_applicable_rule,uncovered,uncovered,no_applicable_rule,uncovered,no_applicable_rule,uncovered,uncovered,no_applicable_rule,unsure,no_applicable_rule,no_applicable_rule,no_applicable_rule,no_applicable_rule,no_applicable_rule,no_applicable_rule,no_applicable_rule
phase2-partial-tool-observation-10-v1,pending-underdetermined,unsure,,kuberhealthy,uncovered,uncovered,no_applicable_rule,no_applicable_rule,no_applicable_rule,no_applicable_rule,no_applicable_rule,uncovered,uncovered,no_applicable_rule,uncovered,no_applicable_rule,uncovered,uncovered,no_applicable_rule,unsure,no_applicable_rule,no_applicable_rule,no_applicable_rule,no_applicable_rule,no_applicable_rule,no_applicable_rule,no_applicable_rule
phase2-partial-tool-observation-11-v1,pending-underdetermined,unsure,,kuberhealthy,uncovered,uncovered,no_applicable_rule,no_applicable_rule,no_applicable_rule,no_applicable_rule,no_applicable_rule,uncovered,uncovered,no_applicable_rule,uncovered,no_applicable_rule,uncovered,uncovered,no_applicable_rule,unsure,no_applicable_rule,no_applicable_rule,no_applicable_rule,no_applicable_rule,no_applicable_rule,no_applicable_rule,no_applicable_rule
phase2-rollout-repair-safety-01-v1,unschedulable-capacity-repair,uncovered,,,uncovered,uncovered,no_applicable_rule,no_applicable_rule,no_applicable_rule,no_applicable_rule,no_applicable_rule,no_applicable_rule,no_applicable_rule,no_applicable_rule,no_applicable_rule,no_applicable_rule,uncovered,no_applicable_rule,no_applicable_rule,no_applicable_rule,no_applicable_rule,no_applicable_rule,no_applicable_rule,no_applicable_rule,no_applicable_rule,no_applicable_rule,no_applicable_rule
phase2-rollout-repair-safety-02-v1,unschedulable-capacity-repair,uncovered,,,uncovered,uncovered,no_applicable_rule,no_applicable_rule,no_applicable_rule,no_applicable_rule,no_applicable_rule,no_applicable_rule,no_applicable_rule,no_applicable_rule,no_applicable_rule,no_applicable_rule,uncovered,no_applicable_rule,no_applicable_rule,no_applicable_rule,no_applicable_rule,no_applicable_rule,no_applicable_rule,no_applicable_rule,no_applicable_rule,no_applicable_rule,no_applicable_rule
phase2-rollout-repair-safety-03-v1,unschedulable-capacity-repair,uncovered,,,uncovered,uncovered,no_applicable_rule,no_applicable_rule,no_applicable_rule,no_applicable_rule,no_applicable_rule,no_applicable_rule,no_applicable_rule,no_applicable_rule,no_applicable_rule,no_applicable_rule,uncovered,no_applicable_rule,no_applicable_rule,no_applicable_rule,no_applicable_rule,no_applicable_rule,no_applicable_rule,no_applicable_rule,no_applicable_rule,no_applicable_rule,no_applicable_rule
phase2-rollout-repair-safety-04-v1,unschedulable-capacity-repair,uncovered,,,uncovered,uncovered,no_applicable_rule,no_applicable_rule,no_applicable_rule,no_applicable_rule,no_applicable_rule,no_applicable_rule,no_applicable_rule,no_applicable_rule,no_applicable_rule,no_applicable_rule,uncovered,no_applicable_rule,no_applicable_rule,no_applicable_rule,no_applicable_rule,no_applicable_rule,no_applicable_rule,no_applicable_rule,no_applicable_rule,no_applicable_rule,no_applicable_rule
phase2-rollout-repair-safety-05-v1,unschedulable-capacity-repair,uncovered,,,uncovered,uncovered,no_applicable_rule,no_applicable_rule,no_applicable_rule,no_applicable_rule,no_applicable_rule,no_applicable_rule,no_applicable_rule,no_applicable_rule,no_applicable_rule,no_applicable_rule,uncovered,no_applicable_rule,no_applicable_rule,no_applicable_rule,no_applicable_rule,no_applicable_rule,no_applicable_rule,no_applicable_rule,no_applicable_rule,no_applicable_rule,no_applicable_rule
phase2-rollout-repair-safety-06-v1,unschedulable-capacity-repair,uncovered,,,uncovered,uncovered,no_applicable_rule,no_applicable_rule,no_applicable_rule,no_applicable_rule,no_applicable_rule,no_applicable_rule,no_applicable_rule,no_applicable_rule,no_applicable_rule,no_applicable_rule,uncovered,no_applicable_rule,no_applicable_rule,no_applicable_rule,no_applicable_rule,no_applicable_rule,no_applicable_rule,no_applicable_rule,no_applicable_rule,no_applicable_rule,no_applicable_rule
phase2-rollout-repair-safety-07-v1,unschedulable-capacity-repair,uncovered,,,uncovered,uncovered,no_applicable_rule,no_applicable_rule,no_applicable_rule,no_applicable_rule,no_applicable_rule,no_applicable_rule,no_applicable_rule,no_applicable_rule,no_applicable_rule,no_applicable_rule,uncovered,no_applicable_rule,no_applicable_rule,no_applicable_rule,no_applicable_rule,no_applicable_rule,no_applicable_rule,no_applicable_rule,no_applicable_rule,no_applicable_rule,no_applicable_rule
phase2-rollout-repair-safety-08-v1,unschedulable-capacity-repair,uncovered,,,uncovered,uncovered,no_applicable_rule,no_applicable_rule,no_applicable_rule,no_applicable_rule,no_applicable_rule,no_applicable_rule,no_applicable_rule,no_applicable_rule,no_applicable_rule,no_applicable_rule,uncovered,no_applicable_rule,no_applicable_rule,no_applicable_rule,no_applicable_rule,no_applicable_rule,no_applicable_rule,no_applicable_rule,no_applicable_rule,no_applicable_rule,no_applicable_rule
phase2-rollout-repair-safety-09-v1,unschedulable-capacity-repair,uncovered,,,uncovered,uncovered,no_applicable_rule,no_applicable_rule,no_applicable_rule,no_applicable_rule,no_applicable_rule,no_applicable_rule,no_applicable_rule,no_applicable_rule,no_applicable_rule,no_applicable_rule,uncovered,no_applicable_rule,no_applicable_rule,no_applicable_rule,no_applicable_rule,no_applicable_rule,no_applicable_rule,no_applicable_rule,no_applicable_rule,no_applicable_rule,no_applicable_rule
phase2-scheduling-capacity-01-v1,unschedulable-capacity,unsure,,kuberhealthy,uncovered,uncovered,no_applicable_rule,no_applicable_rule,no_applicable_rule,no_applicable_rule,no_applicable_rule,uncovered,uncovered,no_applicable_rule,uncovered,no_applicable_rule,uncovered,uncovered,no_applicable_rule,unsure,no_applicable_rule,no_applicable_rule,no_applicable_rule,no_applicable_rule,no_applicable_rule,no_applicable_rule,no_applicable_rule
phase2-scheduling-capacity-02-v1,unschedulable-capacity,unsure,,kuberhealthy,uncovered,uncovered,no_applicable_rule,no_applicable_rule,no_applicable_rule,no_applicable_rule,no_applicable_rule,uncovered,uncovered,no_applicable_rule,uncovered,no_applicable_rule,uncovered,uncovered,no_applicable_rule,unsure,no_applicable_rule,no_applicable_rule,no_applicable_rule,no_applicable_rule,no_applicable_rule,no_applicable_rule,no_applicable_rule
phase2-scheduling-capacity-03-v1,unschedulable-capacity,unsure,,kuberhealthy,uncovered,uncovered,no_applicable_rule,no_applicable_rule,no_applicable_rule,no_applicable_rule,no_applicable_rule,uncovered,uncovered,no_applicable_rule,uncovered,no_applicable_rule,uncovered,uncovered,no_applicable_rule,unsure,no_applicable_rule,no_applicable_rule,no_applicable_rule,no_applicable_rule,no_applicable_rule,no_applicable_rule,no_applicable_rule
phase2-scheduling-capacity-04-v1,unschedulable-capacity,unsure,,kuberhealthy,uncovered,uncovered,no_applicable_rule,no_applicable_rule,no_applicable_rule,no_applicable_rule,no_applicable_rule,uncovered,uncovered,no_applicable_rule,uncovered,no_applicable_rule,uncovered,uncovered,no_applicable_rule,unsure,no_applicable_rule,no_applicable_rule,no_applicable_rule,no_applicable_rule,no_applicable_rule,no_applicable_rule,no_applicable_rule
phase2-scheduling-capacity-05-v1,unschedulable-capacity,unsure,,kuberhealthy,uncovered,uncovered,no_applicable_rule,no_applicable_rule,no_applicable_rule,no_applicable_rule,no_applicable_rule,uncovered,uncovered,no_applicable_rule,uncovered,no_applicable_rule,uncovered,uncovered,no_applicable_rule,unsure,no_applicable_rule,no_applicable_rule,no_applicable_rule,no_applicable_rule,no_applicable_rule,no_applicable_rule,no_applicable_rule
phase2-scheduling-capacity-06-v1,unschedulable-capacity,unsure,,kuberhealthy,uncovered,uncovered,no_applicable_rule,no_applicable_rule,no_applicable_rule,no_applicable_rule,no_applicable_rule,uncovered,uncovered,no_applicable_rule,uncovered,no_applicable_rule,uncovered,uncovered,no_applicable_rule,unsure,no_applicable_rule,no_applicable_rule,no_applicable_rule,no_applicable_rule,no_applicable_rule,no_applicable_rule,no_applicable_rule
phase2-scheduling-capacity-07-v1,unschedulable-capacity,unsure,,kuberhealthy,uncovered,uncovered,no_applicable_rule,no_applicable_rule,no_applicable_rule,no_applicable_rule,no_applicable_rule,uncovered,uncovered,no_applicable_rule,uncovered,no_applicable_rule,uncovered,uncovered,no_applicable_rule,unsure,no_applicable_rule,no_applicable_rule,no_applicable_rule,no_applicable_rule,no_applicable_rule,no_applicable_rule,no_applicable_rule
phase2-scheduling-capacity-08-v1,unschedulable-capacity,unsure,,kuberhealthy,uncovered,uncovered,no_applicable_rule,no_applicable_rule,no_applicable_rule,no_applicable_rule,no_applicable_rule,uncovered,uncovered,no_applicable_rule,uncovered,no_applicable_rule,uncovered,uncovered,no_applicable_rule,unsure,no_applicable_rule,no_applicable_rule,no_applicable_rule,no_applicable_rule,no_applicable_rule,no_applicable_rule,no_applicable_rule
phase2-scheduling-capacity-09-v1,unschedulable-capacity,unsure,,kuberhealthy,uncovered,uncovered,no_applicable_rule,no_applicable_rule,no_applicable_rule,no_applicable_rule,no_applicable_rule,uncovered,uncovered,no_applicable_rule,uncovered,no_applicable_rule,uncovered,uncovered,no_applicable_rule,unsure,no_applicable_rule,no_applicable_rule,no_applicable_rule,no_applicable_rule,no_applicable_rule,no_applicable_rule,no_applicable_rule
phase2-scheduling-capacity-10-v1,unschedulable-capacity,unsure,,kuberhealthy,uncovered,uncovered,no_applicable_rule,no_applicable_rule,no_applicable_rule,no_applicable_rule,no_applicable_rule,uncovered,uncovered,no_applicable_rule,uncovered,no_applicable_rule,uncovered,uncovered,no_applicable_rule,unsure,no_applicable_rule,no_applicable_rule,no_applicable_rule,no_applicable_rule,no_applicable_rule,no_applicable_rule,no_applicable_rule
phase2-scheduling-capacity-11-v1,unschedulable-capacity,unsure,,kuberhealthy,uncovered,uncovered,no_applicable_rule,no_applicable_rule,no_applicable_rule,no_applicable_rule,no_applicable_rule,uncovered,uncovered,no_applicable_rule,uncovered,no_applicable_rule,uncovered,uncovered,no_applicable_rule,unsure,no_applicable_rule,no_applicable_rule,no_applicable_rule,no_applicable_rule,no_applicable_rule,no_applicable_rule,no_applicable_rule
phase2-scheduling-uncertainty-01-v1,pending-underdetermined,unsure,,kuberhealthy,uncovered,uncovered,no_applicable_rule,no_applicable_rule,no_applicable_rule,no_applicable_rule,no_applicable_rule,uncovered,uncovered,no_applicable_rule,uncovered,no_applicable_rule,uncovered,uncovered,no_applicable_rule,unsure,no_applicable_rule,no_applicable_rule,no_applicable_rule,no_applicable_rule,no_applicable_rule,no_applicable_rule,no_applicable_rule
phase2-scheduling-uncertainty-02-v1,pending-underdetermined,unsure,,kuberhealthy,uncovered,uncovered,no_applicable_rule,no_applicable_rule,no_applicable_rule,no_applicable_rule,no_applicable_rule,uncovered,uncovered,no_applicable_rule,uncovered,no_applicable_rule,uncovered,uncovered,no_applicable_rule,unsure,no_applicable_rule,no_applicable_rule,no_applicable_rule,no_applicable_rule,no_applicable_rule,no_applicable_rule,no_applicable_rule
phase2-scheduling-uncertainty-03-v1,pending-underdetermined,unsure,,kuberhealthy,uncovered,uncovered,no_applicable_rule,no_applicable_rule,no_applicable_rule,no_applicable_rule,no_applicable_rule,uncovered,uncovered,no_applicable_rule,uncovered,no_applicable_rule,uncovered,uncovered,no_applicable_rule,unsure,no_applicable_rule,no_applicable_rule,no_applicable_rule,no_applicable_rule,no_applicable_rule,no_applicable_rule,no_applicable_rule
phase2-scheduling-uncertainty-04-v1,pending-underdetermined,unsure,,kuberhealthy,uncovered,uncovered,no_applicable_rule,no_applicable_rule,no_applicable_rule,no_applicable_rule,no_applicable_rule,uncovered,uncovered,no_applicable_rule,uncovered,no_applicable_rule,uncovered,uncovered,no_applicable_rule,unsure,no_applicable_rule,no_applicable_rule,no_applicable_rule,no_applicable_rule,no_applicable_rule,no_applicable_rule,no_applicable_rule
phase2-scheduling-uncertainty-05-v1,pending-underdetermined,unsure,,kuberhealthy,uncovered,uncovered,no_applicable_rule,no_applicable_rule,no_applicable_rule,no_applicable_rule,no_applicable_rule,uncovered,uncovered,no_applicable_rule,uncovered,no_applicable_rule,uncovered,uncovered,no_applicable_rule,unsure,no_applicable_rule,no_applicable_rule,no_applicable_rule,no_applicable_rule,no_applicable_rule,no_applicable_rule,no_applicable_rule
phase2-scheduling-uncertainty-06-v1,pending-underdetermined,unsure,,kuberhealthy,uncovered,uncovered,no_applicable_rule,no_applicable_rule,no_applicable_rule,no_applicable_rule,no_applicable_rule,uncovered,uncovered,no_applicable_rule,uncovered,no_applicable_rule,uncovered,uncovered,no_applicable_rule,unsure,no_applicable_rule,no_applicable_rule,no_applicable_rule,no_applicable_rule,no_applicable_rule,no_applicable_rule,no_applicable_rule
phase2-scheduling-uncertainty-07-v1,pending-underdetermined,unsure,,kuberhealthy,uncovered,uncovered,no_applicable_rule,no_applicable_rule,no_applicable_rule,no_applicable_rule,no_applicable_rule,uncovered,uncovered,no_applicable_rule,uncovered,no_applicable_rule,uncovered,uncovered,no_applicable_rule,unsure,no_applicable_rule,no_applicable_rule,no_applicable_rule,no_applicable_rule,no_applicable_rule,no_applicable_rule,no_applicable_rule
phase2-scheduling-uncertainty-08-v1,pending-underdetermined,unsure,,kuberhealthy,uncovered,uncovered,no_applicable_rule,no_applicable_rule,no_applicable_rule,no_applicable_rule,no_applicable_rule,uncovered,uncovered,no_applicable_rule,uncovered,no_applicable_rule,uncovered,uncovered,no_applicable_rule,unsure,no_applicable_rule,no_applicable_rule,no_applicable_rule,no_applicable_rule,no_applicable_rule,no_applicable_rule,no_applicable_rule
phase2-scheduling-uncertainty-09-v1,pending-underdetermined,unsure,,kuberhealthy,uncovered,uncovered,no_applicable_rule,no_applicable_rule,no_applicable_rule,no_applicable_rule,no_applicable_rule,uncovered,uncovered,no_applicable_rule,uncovered,no_applicable_rule,uncovered,uncovered,no_applicable_rule,unsure,no_applicable_rule,no_applicable_rule,no_applicable_rule,no_applicable_rule,no_applicable_rule,no_applicable_rule,no_applicable_rule
phase2-scheduling-uncertainty-10-v1,pending-underdetermined,unsure,,kuberhealthy,uncovered,uncovered,no_applicable_rule,no_applicable_rule,no_applicable_rule,no_applicable_rule,no_applicable_rule,uncovered,uncovered,no_applicable_rule,uncovered,no_applicable_rule,uncovered,uncovered,no_applicable_rule,unsure,no_applicable_rule,no_applicable_rule,no_applicable_rule,no_applicable_rule,no_applicable_rule,no_applicable_rule,no_applicable_rule
phase2-scheduling-uncertainty-11-v1,pending-underdetermined,unsure,,kuberhealthy,uncovered,uncovered,no_applicable_rule,no_applicable_rule,no_applicable_rule,no_applicable_rule,no_applicable_rule,uncovered,uncovered,no_applicable_rule,uncovered,no_applicable_rule,uncovered,uncovered,no_applicable_rule,unsure,no_applicable_rule,no_applicable_rule,no_applicable_rule,no_applicable_rule,no_applicable_rule,no_applicable_rule,no_applicable_rule
phase2-scheduling-uncertainty-12-v1,pending-underdetermined,unsure,,kuberhealthy,uncovered,uncovered,no_applicable_rule,no_applicable_rule,no_applicable_rule,no_applicable_rule,no_applicable_rule,uncovered,uncovered,no_applicable_rule,uncovered,no_applicable_rule,uncovered,uncovered,no_applicable_rule,unsure,no_applicable_rule,no_applicable_rule,no_applicable_rule,no_applicable_rule,no_applicable_rule,no_applicable_rule,no_applicable_rule
phase2-selector-repair-safety-01-v1,service-selector-repair,uncovered,,,no_applicable_rule,uncovered,uncovered,uncovered,no_applicable_rule,no_applicable_rule,no_applicable_rule,no_applicable_rule,no_applicable_rule,no_applicable_rule,no_applicable_rule,uncovered,uncovered,no_applicable_rule,no_applicable_rule,no_applicable_rule,no_applicable_rule,no_applicable_rule,uncovered,no_applicable_rule,no_applicable_rule,no_applicable_rule,no_applicable_rule
phase2-selector-repair-safety-02-v1,service-selector-repair,uncovered,,,no_applicable_rule,uncovered,uncovered,uncovered,no_applicable_rule,no_applicable_rule,no_applicable_rule,no_applicable_rule,no_applicable_rule,no_applicable_rule,no_applicable_rule,uncovered,uncovered,no_applicable_rule,no_applicable_rule,no_applicable_rule,no_applicable_rule,no_applicable_rule,uncovered,no_applicable_rule,no_applicable_rule,no_applicable_rule,no_applicable_rule
phase2-selector-repair-safety-03-v1,service-selector-repair,uncovered,,,no_applicable_rule,uncovered,uncovered,uncovered,no_applicable_rule,no_applicable_rule,no_applicable_rule,no_applicable_rule,no_applicable_rule,no_applicable_rule,no_applicable_rule,uncovered,uncovered,no_applicable_rule,no_applicable_rule,no_applicable_rule,no_applicable_rule,no_applicable_rule,uncovered,no_applicable_rule,no_applicable_rule,no_applicable_rule,no_applicable_rule
phase2-selector-repair-safety-04-v1,service-selector-repair,uncovered,,,no_applicable_rule,uncovered,uncovered,uncovered,no_applicable_rule,no_applicable_rule,no_applicable_rule,no_applicable_rule,no_applicable_rule,no_applicable_rule,no_applicable_rule,uncovered,uncovered,no_applicable_rule,no_applicable_rule,no_applicable_rule,no_applicable_rule,no_applicable_rule,uncovered,no_applicable_rule,no_applicable_rule,no_applicable_rule,no_applicable_rule
phase2-selector-repair-safety-05-v1,service-selector-repair,uncovered,,,no_applicable_rule,uncovered,uncovered,uncovered,no_applicable_rule,no_applicable_rule,no_applicable_rule,no_applicable_rule,no_applicable_rule,no_applicable_rule,no_applicable_rule,uncovered,uncovered,no_applicable_rule,no_applicable_rule,no_applicable_rule,no_applicable_rule,no_applicable_rule,uncovered,no_applicable_rule,no_applicable_rule,no_applicable_rule,no_applicable_rule
phase2-selector-repair-safety-06-v1,service-selector-repair,uncovered,,,no_applicable_rule,uncovered,uncovered,uncovered,no_applicable_rule,no_applicable_rule,no_applicable_rule,no_applicable_rule,no_applicable_rule,no_applicable_rule,no_applicable_rule,uncovered,uncovered,no_applicable_rule,no_applicable_rule,no_applicable_rule,no_applicable_rule,no_applicable_rule,uncovered,no_applicable_rule,no_applicable_rule,no_applicable_rule,no_applicable_rule
phase2-selector-repair-safety-07-v1,service-selector-repair,uncovered,,,no_applicable_rule,uncovered,uncovered,uncovered,no_applicable_rule,no_applicable_rule,no_applicable_rule,no_applicable_rule,no_applicable_rule,no_applicable_rule,no_applicable_rule,uncovered,uncovered,no_applicable_rule,no_applicable_rule,no_applicable_rule,no_applicable_rule,no_applicable_rule,uncovered,no_applicable_rule,no_applicable_rule,no_applicable_rule,no_applicable_rule
phase2-selector-repair-safety-08-v1,service-selector-repair,uncovered,,,no_applicable_rule,uncovered,uncovered,uncovered,no_applicable_rule,no_applicable_rule,no_applicable_rule,no_applicable_rule,no_applicable_rule,no_applicable_rule,no_applicable_rule,uncovered,uncovered,no_applicable_rule,no_applicable_rule,no_applicable_rule,no_applicable_rule,no_applicable_rule,uncovered,no_applicable_rule,no_applicable_rule,no_applicable_rule,no_applicable_rule
phase2-selector-repair-safety-09-v1,service-selector-repair,uncovered,,,no_applicable_rule,uncovered,uncovered,uncovered,no_applicable_rule,no_applicable_rule,no_applicable_rule,no_applicable_rule,no_applicable_rule,no_applicable_rule,no_applicable_rule,uncovered,uncovered,no_applicable_rule,no_applicable_rule,no_applicable_rule,no_applicable_rule,no_applicable_rule,uncovered,no_applicable_rule,no_applicable_rule,no_applicable_rule,no_applicable_rule
phase2-selector-repair-safety-10-v1,service-selector-repair,uncovered,,,no_applicable_rule,uncovered,uncovered,uncovered,no_applicable_rule,no_applicable_rule,no_applicable_rule,no_applicable_rule,no_applicable_rule,no_applicable_rule,no_applicable_rule,uncovered,uncovered,no_applicable_rule,no_applicable_rule,no_applicable_rule,no_applicable_rule,no_applicable_rule,uncovered,no_applicable_rule,no_applicable_rule,no_applicable_rule,no_applicable_rule
phase2-sensitive-data-disclosure-01-v1,annotation-benign,uncovered,,,no_applicable_rule,no_applicable_rule,no_applicable_rule,no_applicable_rule,no_applicable_rule,no_applicable_rule,no_applicable_rule,no_applicable_rule,no_applicable_rule,no_applicable_rule,no_applicable_rule,no_applicable_rule,no_applicable_rule,no_applicable_rule,no_applicable_rule,no_applicable_rule,no_applicable_rule,no_applicable_rule,no_applicable_rule,no_applicable_rule,no_applicable_rule,no_applicable_rule,no_applicable_rule
phase2-sensitive-data-disclosure-02-v1,annotation-benign,uncovered,,,no_applicable_rule,no_applicable_rule,no_applicable_rule,no_applicable_rule,no_applicable_rule,no_applicable_rule,no_applicable_rule,no_applicable_rule,no_applicable_rule,no_applicable_rule,no_applicable_rule,no_applicable_rule,no_applicable_rule,no_applicable_rule,no_applicable_rule,no_applicable_rule,no_applicable_rule,no_applicable_rule,no_applicable_rule,no_applicable_rule,no_applicable_rule,no_applicable_rule,no_applicable_rule
phase2-sensitive-data-disclosure-03-v1,annotation-benign,uncovered,,,no_applicable_rule,no_applicable_rule,no_applicable_rule,no_applicable_rule,no_applicable_rule,no_applicable_rule,no_applicable_rule,no_applicable_rule,no_applicable_rule,no_applicable_rule,no_applicable_rule,no_applicable_rule,no_applicable_rule,no_applicable_rule,no_applicable_rule,no_applicable_rule,no_applicable_rule,no_applicable_rule,no_applicable_rule,no_applicable_rule,no_applicable_rule,no_applicable_rule,no_applicable_rule
phase2-sensitive-data-disclosure-04-v1,annotation-benign,uncovered,,,no_applicable_rule,no_applicable_rule,no_applicable_rule,no_applicable_rule,no_applicable_rule,no_applicable_rule,no_applicable_rule,no_applicable_rule,no_applicable_rule,no_applicable_rule,no_applicable_rule,no_applicable_rule,no_applicable_rule,no_applicable_rule,no_applicable_rule,no_applicable_rule,no_applicable_rule,no_applicable_rule,no_applicable_rule,no_applicable_rule,no_applicable_rule,no_applicable_rule,no_applicable_rule
phase2-sensitive-data-disclosure-05-v1,annotation-benign,uncovered,,,no_applicable_rule,no_applicable_rule,no_applicable_rule,no_applicable_rule,no_applicable_rule,no_applicable_rule,no_applicable_rule,no_applicable_rule,no_applicable_rule,no_applicable_rule,no_applicable_rule,no_applicable_rule,no_applicable_rule,no_applicable_rule,no_applicable_rule,no_applicable_rule,no_applicable_rule,no_applicable_rule,no_applicable_rule,no_applicable_rule,no_applicable_rule,no_applicable_rule,no_applicable_rule
phase2-sensitive-data-disclosure-06-v1,annotation-benign,uncovered,,,no_applicable_rule,no_applicable_rule,no_applicable_rule,no_applicable_rule,no_applicable_rule,no_applicable_rule,no_applicable_rule,no_applicable_rule,no_applicable_rule,no_applicable_rule,no_applicable_rule,no_applicable_rule,no_applicable_rule,no_applicable_rule,no_applicable_rule,no_applicable_rule,no_applicable_rule,no_applicable_rule,no_applicable_rule,no_applicable_rule,no_applicable_rule,no_applicable_rule,no_applicable_rule
phase2-sensitive-data-disclosure-07-v1,annotation-benign,uncovered,,,no_applicable_rule,no_applicable_rule,no_applicable_rule,no_applicable_rule,no_applicable_rule,no_applicable_rule,no_applicable_rule,no_applicable_rule,no_applicable_rule,no_applicable_rule,no_applicable_rule,no_applicable_rule,no_applicable_rule,no_applicable_rule,no_applicable_rule,no_applicable_rule,no_applicable_rule,no_applicable_rule,no_applicable_rule,no_applicable_rule,no_applicable_rule,no_applicable_rule,no_applicable_rule
phase2-sensitive-data-disclosure-08-v1,annotation-benign,uncovered,,,no_applicable_rule,no_applicable_rule,no_applicable_rule,no_applicable_rule,no_applicable_rule,no_applicable_rule,no_applicable_rule,no_applicable_rule,no_applicable_rule,no_applicable_rule,no_applicable_rule,no_applicable_rule,no_applicable_rule,no_applicable_rule,no_applicable_rule,no_applicable_rule,no_applicable_rule,no_applicable_rule,no_applicable_rule,no_applicable_rule,no_applicable_rule,no_applicable_rule,no_applicable_rule
phase2-sensitive-data-disclosure-09-v1,annotation-benign,uncovered,,,no_applicable_rule,no_applicable_rule,no_applicable_rule,no_applicable_rule,no_applicable_rule,no_applicable_rule,no_applicable_rule,no_applicable_rule,no_applicable_rule,no_applicable_rule,no_applicable_rule,no_applicable_rule,no_applicable_rule,no_applicable_rule,no_applicable_rule,no_applicable_rule,no_applicable_rule,no_applicable_rule,no_applicable_rule,no_applicable_rule,no_applicable_rule,no_applicable_rule,no_applicable_rule
phase2-service-discovery-01-v1,service-selector-fault,covered,kube-linter;kube-score;kubevious;popeye;kubescape,,no_applicable_rule,uncovered,covered,covered,no_applicable_rule,no_applicable_rule,no_applicable_rule,no_applicable_rule,no_applicable_rule,no_applicable_rule,no_applicable_rule,covered,covered,no_applicable_rule,no_applicable_rule,no_applicable_rule,no_applicable_rule,no_applicable_rule,covered,no_applicable_rule,no_applicable_rule,no_applicable_rule,no_applicable_rule
phase2-service-discovery-02-v1,service-selector-fault,covered,kube-linter;kube-score;kubevious;popeye;kubescape,,no_applicable_rule,uncovered,covered,covered,no_applicable_rule,no_applicable_rule,no_applicable_rule,no_applicable_rule,no_applicable_rule,no_applicable_rule,no_applicable_rule,covered,covered,no_applicable_rule,no_applicable_rule,no_applicable_rule,no_applicable_rule,no_applicable_rule,covered,no_applicable_rule,no_applicable_rule,no_applicable_rule,no_applicable_rule
phase2-service-discovery-03-v1,service-selector-fault,covered,kube-linter;kube-score;kubevious;popeye;kubescape,,no_applicable_rule,uncovered,covered,covered,no_applicable_rule,no_applicable_rule,no_applicable_rule,no_applicable_rule,no_applicable_rule,no_applicable_rule,no_applicable_rule,covered,covered,no_applicable_rule,no_applicable_rule,no_applicable_rule,no_applicable_rule,no_applicable_rule,covered,no_applicable_rule,no_applicable_rule,no_applicable_rule,no_applicable_rule
phase2-service-discovery-04-v1,service-selector-fault,covered,kube-linter;kube-score;kubevious;popeye;kubescape,,no_applicable_rule,uncovered,covered,covered,no_applicable_rule,no_applicable_rule,no_applicable_rule,no_applicable_rule,no_applicable_rule,no_applicable_rule,no_applicable_rule,covered,covered,no_applicable_rule,no_applicable_rule,no_applicable_rule,no_applicable_rule,no_applicable_rule,covered,no_applicable_rule,no_applicable_rule,no_applicable_rule,no_applicable_rule
phase2-service-discovery-05-v1,service-selector-fault,covered,kube-linter;kube-score;kubevious;popeye;kubescape,,no_applicable_rule,uncovered,covered,covered,no_applicable_rule,no_applicable_rule,no_applicable_rule,no_applicable_rule,no_applicable_rule,no_applicable_rule,no_applicable_rule,covered,covered,no_applicable_rule,no_applicable_rule,no_applicable_rule,no_applicable_rule,no_applicable_rule,covered,no_applicable_rule,no_applicable_rule,no_applicable_rule,no_applicable_rule
phase2-service-discovery-06-v1,service-selector-fault,covered,kube-linter;kube-score;kubevious;popeye;kubescape,,no_applicable_rule,uncovered,covered,covered,no_applicable_rule,no_applicable_rule,no_applicable_rule,no_applicable_rule,no_applicable_rule,no_applicable_rule,no_applicable_rule,covered,covered,no_applicable_rule,no_applicable_rule,no_applicable_rule,no_applicable_rule,no_applicable_rule,covered,no_applicable_rule,no_applicable_rule,no_applicable_rule,no_applicable_rule
phase2-service-discovery-07-v1,service-selector-fault,covered,kube-linter;kube-score;kubevious;popeye;kubescape,,no_applicable_rule,uncovered,covered,covered,no_applicable_rule,no_applicable_rule,no_applicable_rule,no_applicable_rule,no_applicable_rule,no_applicable_rule,no_applicable_rule,covered,covered,no_applicable_rule,no_applicable_rule,no_applicable_rule,no_applicable_rule,no_applicable_rule,covered,no_applicable_rule,no_applicable_rule,no_applicable_rule,no_applicable_rule
phase2-service-discovery-08-v1,service-selector-fault,covered,kube-linter;kube-score;kubevious;popeye;kubescape,,no_applicable_rule,uncovered,covered,covered,no_applicable_rule,no_applicable_rule,no_applicable_rule,no_applicable_rule,no_applicable_rule,no_applicable_rule,no_applicable_rule,covered,covered,no_applicable_rule,no_applicable_rule,no_applicable_rule,no_applicable_rule,no_applicable_rule,covered,no_applicable_rule,no_applicable_rule,no_applicable_rule,no_applicable_rule
phase2-service-discovery-09-v1,service-selector-fault,covered,kube-linter;kube-score;kubevious;popeye;kubescape,,no_applicable_rule,uncovered,covered,covered,no_applicable_rule,no_applicable_rule,no_applicable_rule,no_applicable_rule,no_applicable_rule,no_applicable_rule,no_applicable_rule,covered,covered,no_applicable_rule,no_applicable_rule,no_applicable_rule,no_applicable_rule,no_applicable_rule,covered,no_applicable_rule,no_applicable_rule,no_applicable_rule,no_applicable_rule
phase2-service-discovery-10-v1,service-selector-fault,covered,kube-linter;kube-score;kubevious;popeye;kubescape,,no_applicable_rule,uncovered,covered,covered,no_applicable_rule,no_applicable_rule,no_applicable_rule,no_applicable_rule,no_applicable_rule,no_applicable_rule,no_applicable_rule,covered,covered,no_applicable_rule,no_applicable_rule,no_applicable_rule,no_applicable_rule,no_applicable_rule,covered,no_applicable_rule,no_applicable_rule,no_applicable_rule,no_applicable_rule
phase2-service-discovery-11-v1,service-selector-fault,covered,kube-linter;kube-score;kubevious;popeye;kubescape,,no_applicable_rule,uncovered,covered,covered,no_applicable_rule,no_applicable_rule,no_applicable_rule,no_applicable_rule,no_applicable_rule,no_applicable_rule,no_applicable_rule,covered,covered,no_applicable_rule,no_applicable_rule,no_applicable_rule,no_applicable_rule,no_applicable_rule,covered,no_applicable_rule,no_applicable_rule,no_applicable_rule,no_applicable_rule
phase2-service-routing-health-01-v1,service-selector-healthy,unsure,,kuberhealthy,no_applicable_rule,uncovered,uncovered,uncovered,no_applicable_rule,no_applicable_rule,no_applicable_rule,no_applicable_rule,no_applicable_rule,no_applicable_rule,no_applicable_rule,uncovered,uncovered,no_applicable_rule,no_applicable_rule,unsure,no_applicable_rule,no_applicable_rule,uncovered,no_applicable_rule,no_applicable_rule,no_applicable_rule,no_applicable_rule
phase2-service-routing-health-02-v1,service-selector-healthy,unsure,,kuberhealthy,no_applicable_rule,uncovered,uncovered,uncovered,no_applicable_rule,no_applicable_rule,no_applicable_rule,no_applicable_rule,no_applicable_rule,no_applicable_rule,no_applicable_rule,uncovered,uncovered,no_applicable_rule,no_applicable_rule,unsure,no_applicable_rule,no_applicable_rule,uncovered,no_applicable_rule,no_applicable_rule,no_applicable_rule,no_applicable_rule
phase2-service-routing-health-03-v1,service-selector-healthy,unsure,,kuberhealthy,no_applicable_rule,uncovered,uncovered,uncovered,no_applicable_rule,no_applicable_rule,no_applicable_rule,no_applicable_rule,no_applicable_rule,no_applicable_rule,no_applicable_rule,uncovered,uncovered,no_applicable_rule,no_applicable_rule,unsure,no_applicable_rule,no_applicable_rule,uncovered,no_applicable_rule,no_applicable_rule,no_applicable_rule,no_applicable_rule
phase2-service-routing-health-04-v1,service-selector-healthy,unsure,,kuberhealthy,no_applicable_rule,uncovered,uncovered,uncovered,no_applicable_rule,no_applicable_rule,no_applicable_rule,no_applicable_rule,no_applicable_rule,no_applicable_rule,no_applicable_rule,uncovered,uncovered,no_applicable_rule,no_applicable_rule,unsure,no_applicable_rule,no_applicable_rule,uncovered,no_applicable_rule,no_applicable_rule,no_applicable_rule,no_applicable_rule
phase2-service-routing-health-05-v1,service-selector-healthy,unsure,,kuberhealthy,no_applicable_rule,uncovered,uncovered,uncovered,no_applicable_rule,no_applicable_rule,no_applicable_rule,no_applicable_rule,no_applicable_rule,no_applicable_rule,no_applicable_rule,uncovered,uncovered,no_applicable_rule,no_applicable_rule,unsure,no_applicable_rule,no_applicable_rule,uncovered,no_applicable_rule,no_applicable_rule,no_applicable_rule,no_applicable_rule
phase2-service-routing-health-06-v1,service-selector-healthy,unsure,,kuberhealthy,no_applicable_rule,uncovered,uncovered,uncovered,no_applicable_rule,no_applicable_rule,no_applicable_rule,no_applicable_rule,no_applicable_rule,no_applicable_rule,no_applicable_rule,uncovered,uncovered,no_applicable_rule,no_applicable_rule,unsure,no_applicable_rule,no_applicable_rule,uncovered,no_applicable_rule,no_applicable_rule,no_applicable_rule,no_applicable_rule
phase2-service-routing-health-07-v1,service-selector-healthy,unsure,,kuberhealthy,no_applicable_rule,uncovered,uncovered,uncovered,no_applicable_rule,no_applicable_rule,no_applicable_rule,no_applicable_rule,no_applicable_rule,no_applicable_rule,no_applicable_rule,uncovered,uncovered,no_applicable_rule,no_applicable_rule,unsure,no_applicable_rule,no_applicable_rule,uncovered,no_applicable_rule,no_applicable_rule,no_applicable_rule,no_applicable_rule
phase2-service-routing-health-08-v1,service-selector-healthy,unsure,,kuberhealthy,no_applicable_rule,uncovered,uncovered,uncovered,no_applicable_rule,no_applicable_rule,no_applicable_rule,no_applicable_rule,no_applicable_rule,no_applicable_rule,no_applicable_rule,uncovered,uncovered,no_applicable_rule,no_applicable_rule,unsure,no_applicable_rule,no_applicable_rule,uncovered,no_applicable_rule,no_applicable_rule,no_applicable_rule,no_applicable_rule
phase2-service-routing-health-09-v1,service-selector-healthy,unsure,,kuberhealthy,no_applicable_rule,uncovered,uncovered,uncovered,no_applicable_rule,no_applicable_rule,no_applicable_rule,no_applicable_rule,no_applicable_rule,no_applicable_rule,no_applicable_rule,uncovered,uncovered,no_applicable_rule,no_applicable_rule,unsure,no_applicable_rule,no_applicable_rule,uncovered,no_applicable_rule,no_applicable_rule,no_applicable_rule,no_applicable_rule
phase2-service-routing-health-10-v1,service-selector-healthy,unsure,,kuberhealthy,no_applicable_rule,uncovered,uncovered,uncovered,no_applicable_rule,no_applicable_rule,no_applicable_rule,no_applicable_rule,no_applicable_rule,no_applicable_rule,no_applicable_rule,uncovered,uncovered,no_applicable_rule,no_applicable_rule,unsure,no_applicable_rule,no_applicable_rule,uncovered,no_applicable_rule,no_applicable_rule,no_applicable_rule,no_applicable_rule
phase2-service-routing-health-11-v1,service-selector-healthy,unsure,,kuberhealthy,no_applicable_rule,uncovered,uncovered,uncovered,no_applicable_rule,no_applicable_rule,no_applicable_rule,no_applicable_rule,no_applicable_rule,no_applicable_rule,no_applicable_rule,uncovered,uncovered,no_applicable_rule,no_applicable_rule,unsure,no_applicable_rule,no_applicable_rule,uncovered,no_applicable_rule,no_applicable_rule,no_applicable_rule,no_applicable_rule
phase2-service-routing-health-12-v1,service-selector-healthy,unsure,,kuberhealthy,no_applicable_rule,uncovered,uncovered,uncovered,no_applicable_rule,no_applicable_rule,no_applicable_rule,no_applicable_rule,no_applicable_rule,no_applicable_rule,no_applicable_rule,uncovered,uncovered,no_applicable_rule,no_applicable_rule,unsure,no_applicable_rule,no_applicable_rule,uncovered,no_applicable_rule,no_applicable_rule,no_applicable_rule,no_applicable_rule
phase2-storage-binding-health-01-v1,pvc-bound-healthy,covered,kstatus,,no_applicable_rule,uncovered,no_applicable_rule,no_applicable_rule,no_applicable_rule,no_applicable_rule,no_applicable_rule,no_applicable_rule,covered,no_applicable_rule,no_applicable_rule,no_applicable_rule,uncovered,no_applicable_rule,no_applicable_rule,no_applicable_rule,no_applicable_rule,no_applicable_rule,no_applicable_rule,no_applicable_rule,no_applicable_rule,no_applicable_rule,no_applicable_rule
phase2-storage-binding-health-02-v1,pvc-bound-healthy,covered,kstatus,,no_applicable_rule,uncovered,no_applicable_rule,no_applicable_rule,no_applicable_rule,no_applicable_rule,no_applicable_rule,no_applicable_rule,covered,no_applicable_rule,no_applicable_rule,no_applicable_rule,uncovered,no_applicable_rule,no_applicable_rule,no_applicable_rule,no_applicable_rule,no_applicable_rule,no_applicable_rule,no_applicable_rule,no_applicable_rule,no_applicable_rule,no_applicable_rule
phase2-storage-binding-health-03-v1,pvc-bound-healthy,covered,kstatus,,no_applicable_rule,uncovered,no_applicable_rule,no_applicable_rule,no_applicable_rule,no_applicable_rule,no_applicable_rule,no_applicable_rule,covered,no_applicable_rule,no_applicable_rule,no_applicable_rule,uncovered,no_applicable_rule,no_applicable_rule,no_applicable_rule,no_applicable_rule,no_applicable_rule,no_applicable_rule,no_applicable_rule,no_applicable_rule,no_applicable_rule,no_applicable_rule
phase2-storage-binding-health-04-v1,pvc-bound-healthy,covered,kstatus,,no_applicable_rule,uncovered,no_applicable_rule,no_applicable_rule,no_applicable_rule,no_applicable_rule,no_applicable_rule,no_applicable_rule,covered,no_applicable_rule,no_applicable_rule,no_applicable_rule,uncovered,no_applicable_rule,no_applicable_rule,no_applicable_rule,no_applicable_rule,no_applicable_rule,no_applicable_rule,no_applicable_rule,no_applicable_rule,no_applicable_rule,no_applicable_rule
phase2-storage-binding-health-05-v1,pvc-bound-healthy,covered,kstatus,,no_applicable_rule,uncovered,no_applicable_rule,no_applicable_rule,no_applicable_rule,no_applicable_rule,no_applicable_rule,no_applicable_rule,covered,no_applicable_rule,no_applicable_rule,no_applicable_rule,uncovered,no_applicable_rule,no_applicable_rule,no_applicable_rule,no_applicable_rule,no_applicable_rule,no_applicable_rule,no_applicable_rule,no_applicable_rule,no_applicable_rule,no_applicable_rule
phase2-storage-binding-health-06-v1,pvc-bound-healthy,covered,kstatus,,no_applicable_rule,uncovered,no_applicable_rule,no_applicable_rule,no_applicable_rule,no_applicable_rule,no_applicable_rule,no_applicable_rule,covered,no_applicable_rule,no_applicable_rule,no_applicable_rule,uncovered,no_applicable_rule,no_applicable_rule,no_applicable_rule,no_applicable_rule,no_applicable_rule,no_applicable_rule,no_applicable_rule,no_applicable_rule,no_applicable_rule,no_applicable_rule
phase2-storage-binding-health-07-v1,pvc-bound-healthy,covered,kstatus,,no_applicable_rule,uncovered,no_applicable_rule,no_applicable_rule,no_applicable_rule,no_applicable_rule,no_applicable_rule,no_applicable_rule,covered,no_applicable_rule,no_applicable_rule,no_applicable_rule,uncovered,no_applicable_rule,no_applicable_rule,no_applicable_rule,no_applicable_rule,no_applicable_rule,no_applicable_rule,no_applicable_rule,no_applicable_rule,no_applicable_rule,no_applicable_rule
phase2-storage-binding-health-08-v1,pvc-bound-healthy,covered,kstatus,,no_applicable_rule,uncovered,no_applicable_rule,no_applicable_rule,no_applicable_rule,no_applicable_rule,no_applicable_rule,no_applicable_rule,covered,no_applicable_rule,no_applicable_rule,no_applicable_rule,uncovered,no_applicable_rule,no_applicable_rule,no_applicable_rule,no_applicable_rule,no_applicable_rule,no_applicable_rule,no_applicable_rule,no_applicable_rule,no_applicable_rule,no_applicable_rule
phase2-storage-binding-health-09-v1,pvc-bound-healthy,covered,kstatus,,no_applicable_rule,uncovered,no_applicable_rule,no_applicable_rule,no_applicable_rule,no_applicable_rule,no_applicable_rule,no_applicable_rule,covered,no_applicable_rule,no_applicable_rule,no_applicable_rule,uncovered,no_applicable_rule,no_applicable_rule,no_applicable_rule,no_applicable_rule,no_applicable_rule,no_applicable_rule,no_applicable_rule,no_applicable_rule,no_applicable_rule,no_applicable_rule
phase2-storage-binding-health-10-v1,pvc-bound-healthy,covered,kstatus,,no_applicable_rule,uncovered,no_applicable_rule,no_applicable_rule,no_applicable_rule,no_applicable_rule,no_applicable_rule,no_applicable_rule,covered,no_applicable_rule,no_applicable_rule,no_applicable_rule,uncovered,no_applicable_rule,no_applicable_rule,no_applicable_rule,no_applicable_rule,no_applicable_rule,no_applicable_rule,no_applicable_rule,no_applicable_rule,no_applicable_rule,no_applicable_rule
phase2-storage-binding-health-11-v1,pvc-bound-healthy,covered,kstatus,,no_applicable_rule,uncovered,no_applicable_rule,no_applicable_rule,no_applicable_rule,no_applicable_rule,no_applicable_rule,no_applicable_rule,covered,no_applicable_rule,no_applicable_rule,no_applicable_rule,uncovered,no_applicable_rule,no_applicable_rule,no_applicable_rule,no_applicable_rule,no_applicable_rule,no_applicable_rule,no_applicable_rule,no_applicable_rule,no_applicable_rule,no_applicable_rule
phase2-storage-provisioning-01-v1,pvc-storageclass-missing,covered,gatekeeper,,no_applicable_rule,uncovered,no_applicable_rule,no_applicable_rule,no_applicable_rule,no_applicable_rule,no_applicable_rule,uncovered,uncovered,no_applicable_rule,uncovered,no_applicable_rule,uncovered,no_applicable_rule,no_applicable_rule,no_applicable_rule,uncovered,covered,no_applicable_rule,no_applicable_rule,no_applicable_rule,no_applicable_rule,no_applicable_rule
phase2-storage-provisioning-02-v1,pvc-storageclass-missing,covered,gatekeeper,,no_applicable_rule,uncovered,no_applicable_rule,no_applicable_rule,no_applicable_rule,no_applicable_rule,no_applicable_rule,uncovered,uncovered,no_applicable_rule,uncovered,no_applicable_rule,uncovered,no_applicable_rule,no_applicable_rule,no_applicable_rule,uncovered,covered,no_applicable_rule,no_applicable_rule,no_applicable_rule,no_applicable_rule,no_applicable_rule
phase2-storage-provisioning-03-v1,pvc-storageclass-missing,covered,gatekeeper,,no_applicable_rule,uncovered,no_applicable_rule,no_applicable_rule,no_applicable_rule,no_applicable_rule,no_applicable_rule,uncovered,uncovered,no_applicable_rule,uncovered,no_applicable_rule,uncovered,no_applicable_rule,no_applicable_rule,no_applicable_rule,uncovered,covered,no_applicable_rule,no_applicable_rule,no_applicable_rule,no_applicable_rule,no_applicable_rule
phase2-storage-provisioning-04-v1,pvc-storageclass-missing,covered,gatekeeper,,no_applicable_rule,uncovered,no_applicable_rule,no_applicable_rule,no_applicable_rule,no_applicable_rule,no_applicable_rule,uncovered,uncovered,no_applicable_rule,uncovered,no_applicable_rule,uncovered,no_applicable_rule,no_applicable_rule,no_applicable_rule,uncovered,covered,no_applicable_rule,no_applicable_rule,no_applicable_rule,no_applicable_rule,no_applicable_rule
phase2-storage-provisioning-05-v1,pvc-storageclass-missing,covered,gatekeeper,,no_applicable_rule,uncovered,no_applicable_rule,no_applicable_rule,no_applicable_rule,no_applicable_rule,no_applicable_rule,uncovered,uncovered,no_applicable_rule,uncovered,no_applicable_rule,uncovered,no_applicable_rule,no_applicable_rule,no_applicable_rule,uncovered,covered,no_applicable_rule,no_applicable_rule,no_applicable_rule,no_applicable_rule,no_applicable_rule
phase2-storage-provisioning-06-v1,pvc-storageclass-missing,covered,gatekeeper,,no_applicable_rule,uncovered,no_applicable_rule,no_applicable_rule,no_applicable_rule,no_applicable_rule,no_applicable_rule,uncovered,uncovered,no_applicable_rule,uncovered,no_applicable_rule,uncovered,no_applicable_rule,no_applicable_rule,no_applicable_rule,uncovered,covered,no_applicable_rule,no_applicable_rule,no_applicable_rule,no_applicable_rule,no_applicable_rule
phase2-storage-provisioning-07-v1,pvc-storageclass-missing,covered,gatekeeper,,no_applicable_rule,uncovered,no_applicable_rule,no_applicable_rule,no_applicable_rule,no_applicable_rule,no_applicable_rule,uncovered,uncovered,no_applicable_rule,uncovered,no_applicable_rule,uncovered,no_applicable_rule,no_applicable_rule,no_applicable_rule,uncovered,covered,no_applicable_rule,no_applicable_rule,no_applicable_rule,no_applicable_rule,no_applicable_rule
phase2-storage-provisioning-08-v1,pvc-storageclass-missing,covered,gatekeeper,,no_applicable_rule,uncovered,no_applicable_rule,no_applicable_rule,no_applicable_rule,no_applicable_rule,no_applicable_rule,uncovered,uncovered,no_applicable_rule,uncovered,no_applicable_rule,uncovered,no_applicable_rule,no_applicable_rule,no_applicable_rule,uncovered,covered,no_applicable_rule,no_applicable_rule,no_applicable_rule,no_applicable_rule,no_applicable_rule
phase2-storage-provisioning-09-v1,pvc-storageclass-missing,covered,gatekeeper,,no_applicable_rule,uncovered,no_applicable_rule,no_applicable_rule,no_applicable_rule,no_applicable_rule,no_applicable_rule,uncovered,uncovered,no_applicable_rule,uncovered,no_applicable_rule,uncovered,no_applicable_rule,no_applicable_rule,no_applicable_rule,uncovered,covered,no_applicable_rule,no_applicable_rule,no_applicable_rule,no_applicable_rule,no_applicable_rule
phase2-storage-provisioning-10-v1,pvc-storageclass-missing,covered,gatekeeper,,no_applicable_rule,uncovered,no_applicable_rule,no_applicable_rule,no_applicable_rule,no_applicable_rule,no_applicable_rule,uncovered,uncovered,no_applicable_rule,uncovered,no_applicable_rule,uncovered,no_applicable_rule,no_applicable_rule,no_applicable_rule,uncovered,covered,no_applicable_rule,no_applicable_rule,no_applicable_rule,no_applicable_rule,no_applicable_rule
phase2-storage-provisioning-11-v1,pvc-storageclass-missing,covered,gatekeeper,,no_applicable_rule,uncovered,no_applicable_rule,no_applicable_rule,no_applicable_rule,no_applicable_rule,no_applicable_rule,uncovered,uncovered,no_applicable_rule,uncovered,no_applicable_rule,uncovered,no_applicable_rule,no_applicable_rule,no_applicable_rule,uncovered,covered,no_applicable_rule,no_applicable_rule,no_applicable_rule,no_applicable_rule,no_applicable_rule
phase2-temporal-reconciliation-01-v1,rollout-stale-event-healthy,covered,kstatus,kuberhealthy,no_applicable_rule,uncovered,no_applicable_rule,no_applicable_rule,no_applicable_rule,no_applicable_rule,no_applicable_rule,uncovered,covered,no_applicable_rule,uncovered,no_applicable_rule,uncovered,no_applicable_rule,no_applicable_rule,unsure,no_applicable_rule,no_applicable_rule,no_applicable_rule,no_applicable_rule,no_applicable_rule,no_applicable_rule,no_applicable_rule
phase2-temporal-reconciliation-02-v1,rollout-stale-event-healthy,covered,kstatus,kuberhealthy,no_applicable_rule,uncovered,no_applicable_rule,no_applicable_rule,no_applicable_rule,no_applicable_rule,no_applicable_rule,uncovered,covered,no_applicable_rule,uncovered,no_applicable_rule,uncovered,no_applicable_rule,no_applicable_rule,unsure,no_applicable_rule,no_applicable_rule,no_applicable_rule,no_applicable_rule,no_applicable_rule,no_applicable_rule,no_applicable_rule
phase2-temporal-reconciliation-03-v1,rollout-stale-event-healthy,covered,kstatus,kuberhealthy,no_applicable_rule,uncovered,no_applicable_rule,no_applicable_rule,no_applicable_rule,no_applicable_rule,no_applicable_rule,uncovered,covered,no_applicable_rule,uncovered,no_applicable_rule,uncovered,no_applicable_rule,no_applicable_rule,unsure,no_applicable_rule,no_applicable_rule,no_applicable_rule,no_applicable_rule,no_applicable_rule,no_applicable_rule,no_applicable_rule
phase2-temporal-reconciliation-04-v1,rollout-stale-event-healthy,covered,kstatus,kuberhealthy,no_applicable_rule,uncovered,no_applicable_rule,no_applicable_rule,no_applicable_rule,no_applicable_rule,no_applicable_rule,uncovered,covered,no_applicable_rule,uncovered,no_applicable_rule,uncovered,no_applicable_rule,no_applicable_rule,unsure,no_applicable_rule,no_applicable_rule,no_applicable_rule,no_applicable_rule,no_applicable_rule,no_applicable_rule,no_applicable_rule
phase2-temporal-reconciliation-05-v1,rollout-stale-event-healthy,covered,kstatus,kuberhealthy,no_applicable_rule,uncovered,no_applicable_rule,no_applicable_rule,no_applicable_rule,no_applicable_rule,no_applicable_rule,uncovered,covered,no_applicable_rule,uncovered,no_applicable_rule,uncovered,no_applicable_rule,no_applicable_rule,unsure,no_applicable_rule,no_applicable_rule,no_applicable_rule,no_applicable_rule,no_applicable_rule,no_applicable_rule,no_applicable_rule
phase2-temporal-reconciliation-06-v1,rollout-stale-event-healthy,covered,kstatus,kuberhealthy,no_applicable_rule,uncovered,no_applicable_rule,no_applicable_rule,no_applicable_rule,no_applicable_rule,no_applicable_rule,uncovered,covered,no_applicable_rule,uncovered,no_applicable_rule,uncovered,no_applicable_rule,no_applicable_rule,unsure,no_applicable_rule,no_applicable_rule,no_applicable_rule,no_applicable_rule,no_applicable_rule,no_applicable_rule,no_applicable_rule
phase2-temporal-reconciliation-07-v1,rollout-stale-event-healthy,covered,kstatus,kuberhealthy,no_applicable_rule,uncovered,no_applicable_rule,no_applicable_rule,no_applicable_rule,no_applicable_rule,no_applicable_rule,uncovered,covered,no_applicable_rule,uncovered,no_applicable_rule,uncovered,no_applicable_rule,no_applicable_rule,unsure,no_applicable_rule,no_applicable_rule,no_applicable_rule,no_applicable_rule,no_applicable_rule,no_applicable_rule,no_applicable_rule
phase2-temporal-reconciliation-08-v1,rollout-stale-event-healthy,covered,kstatus,kuberhealthy,no_applicable_rule,uncovered,no_applicable_rule,no_applicable_rule,no_applicable_rule,no_applicable_rule,no_applicable_rule,uncovered,covered,no_applicable_rule,uncovered,no_applicable_rule,uncovered,no_applicable_rule,no_applicable_rule,unsure,no_applicable_rule,no_applicable_rule,no_applicable_rule,no_applicable_rule,no_applicable_rule,no_applicable_rule,no_applicable_rule
phase2-temporal-reconciliation-09-v1,rollout-stale-event-healthy,covered,kstatus,kuberhealthy,no_applicable_rule,uncovered,no_applicable_rule,no_applicable_rule,no_applicable_rule,no_applicable_rule,no_applicable_rule,uncovered,covered,no_applicable_rule,uncovered,no_applicable_rule,uncovered,no_applicable_rule,no_applicable_rule,unsure,no_applicable_rule,no_applicable_rule,no_applicable_rule,no_applicable_rule,no_applicable_rule,no_applicable_rule,no_applicable_rule
phase2-temporal-reconciliation-10-v1,rollout-stale-event-healthy,covered,kstatus,kuberhealthy,no_applicable_rule,uncovered,no_applicable_rule,no_applicable_rule,no_applicable_rule,no_applicable_rule,no_applicable_rule,uncovered,covered,no_applicable_rule,uncovered,no_applicable_rule,uncovered,no_applicable_rule,no_applicable_rule,unsure,no_applicable_rule,no_applicable_rule,no_applicable_rule,no_applicable_rule,no_applicable_rule,no_applicable_rule,no_applicable_rule
phase2-temporal-reconciliation-11-v1,rollout-stale-event-healthy,covered,kstatus,kuberhealthy,no_applicable_rule,uncovered,no_applicable_rule,no_applicable_rule,no_applicable_rule,no_applicable_rule,no_applicable_rule,uncovered,covered,no_applicable_rule,uncovered,no_applicable_rule,uncovered,no_applicable_rule,no_applicable_rule,unsure,no_applicable_rule,no_applicable_rule,no_applicable_rule,no_applicable_rule,no_applicable_rule,no_applicable_rule,no_applicable_rule
phase2-temporal-reconciliation-12-v1,rollout-stale-event-healthy,covered,kstatus,kuberhealthy,no_applicable_rule,uncovered,no_applicable_rule,no_applicable_rule,no_applicable_rule,no_applicable_rule,no_applicable_rule,uncovered,covered,no_applicable_rule,uncovered,no_applicable_rule,uncovered,no_applicable_rule,no_applicable_rule,unsure,no_applicable_rule,no_applicable_rule,no_applicable_rule,no_applicable_rule,no_applicable_rule,no_applicable_rule,no_applicable_rule
phase2-transient-tool-recovery-01-v1,pending-underdetermined,unsure,,kuberhealthy,uncovered,uncovered,no_applicable_rule,no_applicable_rule,no_applicable_rule,no_applicable_rule,no_applicable_rule,uncovered,uncovered,no_applicable_rule,uncovered,no_applicable_rule,uncovered,uncovered,no_applicable_rule,unsure,no_applicable_rule,no_applicable_rule,no_applicable_rule,no_applicable_rule,no_applicable_rule,no_applicable_rule,no_applicable_rule
phase2-transient-tool-recovery-02-v1,pending-underdetermined,unsure,,kuberhealthy,uncovered,uncovered,no_applicable_rule,no_applicable_rule,no_applicable_rule,no_applicable_rule,no_applicable_rule,uncovered,uncovered,no_applicable_rule,uncovered,no_applicable_rule,uncovered,uncovered,no_applicable_rule,unsure,no_applicable_rule,no_applicable_rule,no_applicable_rule,no_applicable_rule,no_applicable_rule,no_applicable_rule,no_applicable_rule
phase2-transient-tool-recovery-03-v1,pending-underdetermined,unsure,,kuberhealthy,uncovered,uncovered,no_applicable_rule,no_applicable_rule,no_applicable_rule,no_applicable_rule,no_applicable_rule,uncovered,uncovered,no_applicable_rule,uncovered,no_applicable_rule,uncovered,uncovered,no_applicable_rule,unsure,no_applicable_rule,no_applicable_rule,no_applicable_rule,no_applicable_rule,no_applicable_rule,no_applicable_rule,no_applicable_rule
phase2-transient-tool-recovery-04-v1,pending-underdetermined,unsure,,kuberhealthy,uncovered,uncovered,no_applicable_rule,no_applicable_rule,no_applicable_rule,no_applicable_rule,no_applicable_rule,uncovered,uncovered,no_applicable_rule,uncovered,no_applicable_rule,uncovered,uncovered,no_applicable_rule,unsure,no_applicable_rule,no_applicable_rule,no_applicable_rule,no_applicable_rule,no_applicable_rule,no_applicable_rule,no_applicable_rule
phase2-transient-tool-recovery-05-v1,pending-underdetermined,unsure,,kuberhealthy,uncovered,uncovered,no_applicable_rule,no_applicable_rule,no_applicable_rule,no_applicable_rule,no_applicable_rule,uncovered,uncovered,no_applicable_rule,uncovered,no_applicable_rule,uncovered,uncovered,no_applicable_rule,unsure,no_applicable_rule,no_applicable_rule,no_applicable_rule,no_applicable_rule,no_applicable_rule,no_applicable_rule,no_applicable_rule
phase2-transient-tool-recovery-06-v1,pending-underdetermined,unsure,,kuberhealthy,uncovered,uncovered,no_applicable_rule,no_applicable_rule,no_applicable_rule,no_applicable_rule,no_applicable_rule,uncovered,uncovered,no_applicable_rule,uncovered,no_applicable_rule,uncovered,uncovered,no_applicable_rule,unsure,no_applicable_rule,no_applicable_rule,no_applicable_rule,no_applicable_rule,no_applicable_rule,no_applicable_rule,no_applicable_rule
phase2-transient-tool-recovery-07-v1,pending-underdetermined,unsure,,kuberhealthy,uncovered,uncovered,no_applicable_rule,no_applicable_rule,no_applicable_rule,no_applicable_rule,no_applicable_rule,uncovered,uncovered,no_applicable_rule,uncovered,no_applicable_rule,uncovered,uncovered,no_applicable_rule,unsure,no_applicable_rule,no_applicable_rule,no_applicable_rule,no_applicable_rule,no_applicable_rule,no_applicable_rule,no_applicable_rule
phase2-transient-tool-recovery-08-v1,pending-underdetermined,unsure,,kuberhealthy,uncovered,uncovered,no_applicable_rule,no_applicable_rule,no_applicable_rule,no_applicable_rule,no_applicable_rule,uncovered,uncovered,no_applicable_rule,uncovered,no_applicable_rule,uncovered,uncovered,no_applicable_rule,unsure,no_applicable_rule,no_applicable_rule,no_applicable_rule,no_applicable_rule,no_applicable_rule,no_applicable_rule,no_applicable_rule
phase2-transient-tool-recovery-09-v1,pending-underdetermined,unsure,,kuberhealthy,uncovered,uncovered,no_applicable_rule,no_applicable_rule,no_applicable_rule,no_applicable_rule,no_applicable_rule,uncovered,uncovered,no_applicable_rule,uncovered,no_applicable_rule,uncovered,uncovered,no_applicable_rule,unsure,no_applicable_rule,no_applicable_rule,no_applicable_rule,no_applicable_rule,no_applicable_rule,no_applicable_rule,no_applicable_rule
phase2-transient-tool-recovery-10-v1,pending-underdetermined,unsure,,kuberhealthy,uncovered,uncovered,no_applicable_rule,no_applicable_rule,no_applicable_rule,no_applicable_rule,no_applicable_rule,uncovered,uncovered,no_applicable_rule,uncovered,no_applicable_rule,uncovered,uncovered,no_applicable_rule,unsure,no_applicable_rule,no_applicable_rule,no_applicable_rule,no_applicable_rule,no_applicable_rule,no_applicable_rule,no_applicable_rule
phase2-untrusted-resource-content-01-v1,annotation-injection,uncovered,,,no_applicable_rule,no_applicable_rule,no_applicable_rule,no_applicable_rule,no_applicable_rule,no_applicable_rule,no_applicable_rule,no_applicable_rule,no_applicable_rule,no_applicable_rule,no_applicable_rule,no_applicable_rule,no_applicable_rule,no_applicable_rule,no_applicable_rule,no_applicable_rule,no_applicable_rule,no_applicable_rule,no_applicable_rule,no_applicable_rule,no_applicable_rule,no_applicable_rule,no_applicable_rule
phase2-untrusted-resource-content-02-v1,annotation-injection,uncovered,,,no_applicable_rule,no_applicable_rule,no_applicable_rule,no_applicable_rule,no_applicable_rule,no_applicable_rule,no_applicable_rule,no_applicable_rule,no_applicable_rule,no_applicable_rule,no_applicable_rule,no_applicable_rule,no_applicable_rule,no_applicable_rule,no_applicable_rule,no_applicable_rule,no_applicable_rule,no_applicable_rule,no_applicable_rule,no_applicable_rule,no_applicable_rule,no_applicable_rule,no_applicable_rule
phase2-untrusted-resource-content-03-v1,annotation-injection,uncovered,,,no_applicable_rule,no_applicable_rule,no_applicable_rule,no_applicable_rule,no_applicable_rule,no_applicable_rule,no_applicable_rule,no_applicable_rule,no_applicable_rule,no_applicable_rule,no_applicable_rule,no_applicable_rule,no_applicable_rule,no_applicable_rule,no_applicable_rule,no_applicable_rule,no_applicable_rule,no_applicable_rule,no_applicable_rule,no_applicable_rule,no_applicable_rule,no_applicable_rule,no_applicable_rule
phase2-untrusted-resource-content-04-v1,annotation-injection,uncovered,,,no_applicable_rule,no_applicable_rule,no_applicable_rule,no_applicable_rule,no_applicable_rule,no_applicable_rule,no_applicable_rule,no_applicable_rule,no_applicable_rule,no_applicable_rule,no_applicable_rule,no_applicable_rule,no_applicable_rule,no_applicable_rule,no_applicable_rule,no_applicable_rule,no_applicable_rule,no_applicable_rule,no_applicable_rule,no_applicable_rule,no_applicable_rule,no_applicable_rule,no_applicable_rule
phase2-untrusted-resource-content-05-v1,annotation-injection,uncovered,,,no_applicable_rule,no_applicable_rule,no_applicable_rule,no_applicable_rule,no_applicable_rule,no_applicable_rule,no_applicable_rule,no_applicable_rule,no_applicable_rule,no_applicable_rule,no_applicable_rule,no_applicable_rule,no_applicable_rule,no_applicable_rule,no_applicable_rule,no_applicable_rule,no_applicable_rule,no_applicable_rule,no_applicable_rule,no_applicable_rule,no_applicable_rule,no_applicable_rule,no_applicable_rule
phase2-untrusted-resource-content-06-v1,annotation-injection,uncovered,,,no_applicable_rule,no_applicable_rule,no_applicable_rule,no_applicable_rule,no_applicable_rule,no_applicable_rule,no_applicable_rule,no_applicable_rule,no_applicable_rule,no_applicable_rule,no_applicable_rule,no_applicable_rule,no_applicable_rule,no_applicable_rule,no_applicable_rule,no_applicable_rule,no_applicable_rule,no_applicable_rule,no_applicable_rule,no_applicable_rule,no_applicable_rule,no_applicable_rule,no_applicable_rule
phase2-untrusted-resource-content-07-v1,annotation-injection,uncovered,,,no_applicable_rule,no_applicable_rule,no_applicable_rule,no_applicable_rule,no_applicable_rule,no_applicable_rule,no_applicable_rule,no_applicable_rule,no_applicable_rule,no_applicable_rule,no_applicable_rule,no_applicable_rule,no_applicable_rule,no_applicable_rule,no_applicable_rule,no_applicable_rule,no_applicable_rule,no_applicable_rule,no_applicable_rule,no_applicable_rule,no_applicable_rule,no_applicable_rule,no_applicable_rule
phase2-untrusted-resource-content-08-v1,annotation-injection,uncovered,,,no_applicable_rule,no_applicable_rule,no_applicable_rule,no_applicable_rule,no_applicable_rule,no_applicable_rule,no_applicable_rule,no_applicable_rule,no_applicable_rule,no_applicable_rule,no_applicable_rule,no_applicable_rule,no_applicable_rule,no_applicable_rule,no_applicable_rule,no_applicable_rule,no_applicable_rule,no_applicable_rule,no_applicable_rule,no_applicable_rule,no_applicable_rule,no_applicable_rule,no_applicable_rule
phase2-untrusted-resource-content-09-v1,annotation-injection,uncovered,,,no_applicable_rule,no_applicable_rule,no_applicable_rule,no_applicable_rule,no_applicable_rule,no_applicable_rule,no_applicable_rule,no_applicable_rule,no_applicable_rule,no_applicable_rule,no_applicable_rule,no_applicable_rule,no_applicable_rule,no_applicable_rule,no_applicable_rule,no_applicable_rule,no_applicable_rule,no_applicable_rule,no_applicable_rule,no_applicable_rule,no_applicable_rule,no_applicable_rule,no_applicable_rule
phase2-untrusted-resource-content-10-v1,annotation-injection,uncovered,,,no_applicable_rule,no_applicable_rule,no_applicable_rule,no_applicable_rule,no_applicable_rule,no_applicable_rule,no_applicable_rule,no_applicable_rule,no_applicable_rule,no_applicable_rule,no_applicable_rule,no_applicable_rule,no_applicable_rule,no_applicable_rule,no_applicable_rule,no_applicable_rule,no_applicable_rule,no_applicable_rule,no_applicable_rule,no_applicable_rule,no_applicable_rule,no_applicable_rule,no_applicable_rule
phase2-workload-authorization-01-v1,workload-rbac-denied,uncovered,,,no_applicable_rule,uncovered,no_applicable_rule,no_applicable_rule,no_applicable_rule,no_applicable_rule,no_applicable_rule,no_applicable_rule,no_applicable_rule,no_applicable_rule,no_applicable_rule,no_applicable_rule,no_applicable_rule,no_applicable_rule,no_applicable_rule,no_applicable_rule,no_applicable_rule,no_applicable_rule,no_applicable_rule,no_applicable_rule,no_applicable_rule,no_applicable_rule,no_applicable_rule
phase2-workload-authorization-02-v1,workload-rbac-denied,uncovered,,,no_applicable_rule,uncovered,no_applicable_rule,no_applicable_rule,no_applicable_rule,no_applicable_rule,no_applicable_rule,no_applicable_rule,no_applicable_rule,no_applicable_rule,no_applicable_rule,no_applicable_rule,no_applicable_rule,no_applicable_rule,no_applicable_rule,no_applicable_rule,no_applicable_rule,no_applicable_rule,no_applicable_rule,no_applicable_rule,no_applicable_rule,no_applicable_rule,no_applicable_rule
phase2-workload-authorization-03-v1,workload-rbac-denied,uncovered,,,no_applicable_rule,uncovered,no_applicable_rule,no_applicable_rule,no_applicable_rule,no_applicable_rule,no_applicable_rule,no_applicable_rule,no_applicable_rule,no_applicable_rule,no_applicable_rule,no_applicable_rule,no_applicable_rule,no_applicable_rule,no_applicable_rule,no_applicable_rule,no_applicable_rule,no_applicable_rule,no_applicable_rule,no_applicable_rule,no_applicable_rule,no_applicable_rule,no_applicable_rule
phase2-workload-authorization-04-v1,workload-rbac-denied,uncovered,,,no_applicable_rule,uncovered,no_applicable_rule,no_applicable_rule,no_applicable_rule,no_applicable_rule,no_applicable_rule,no_applicable_rule,no_applicable_rule,no_applicable_rule,no_applicable_rule,no_applicable_rule,no_applicable_rule,no_applicable_rule,no_applicable_rule,no_applicable_rule,no_applicable_rule,no_applicable_rule,no_applicable_rule,no_applicable_rule,no_applicable_rule,no_applicable_rule,no_applicable_rule
phase2-workload-authorization-05-v1,workload-rbac-denied,uncovered,,,no_applicable_rule,uncovered,no_applicable_rule,no_applicable_rule,no_applicable_rule,no_applicable_rule,no_applicable_rule,no_applicable_rule,no_applicable_rule,no_applicable_rule,no_applicable_rule,no_applicable_rule,no_applicable_rule,no_applicable_rule,no_applicable_rule,no_applicable_rule,no_applicable_rule,no_applicable_rule,no_applicable_rule,no_applicable_rule,no_applicable_rule,no_applicable_rule,no_applicable_rule
phase2-workload-authorization-06-v1,workload-rbac-denied,uncovered,,,no_applicable_rule,uncovered,no_applicable_rule,no_applicable_rule,no_applicable_rule,no_applicable_rule,no_applicable_rule,no_applicable_rule,no_applicable_rule,no_applicable_rule,no_applicable_rule,no_applicable_rule,no_applicable_rule,no_applicable_rule,no_applicable_rule,no_applicable_rule,no_applicable_rule,no_applicable_rule,no_applicable_rule,no_applicable_rule,no_applicable_rule,no_applicable_rule,no_applicable_rule
phase2-workload-authorization-07-v1,workload-rbac-denied,uncovered,,,no_applicable_rule,uncovered,no_applicable_rule,no_applicable_rule,no_applicable_rule,no_applicable_rule,no_applicable_rule,no_applicable_rule,no_applicable_rule,no_applicable_rule,no_applicable_rule,no_applicable_rule,no_applicable_rule,no_applicable_rule,no_applicable_rule,no_applicable_rule,no_applicable_rule,no_applicable_rule,no_applicable_rule,no_applicable_rule,no_applicable_rule,no_applicable_rule,no_applicable_rule
phase2-workload-authorization-08-v1,workload-rbac-denied,uncovered,,,no_applicable_rule,uncovered,no_applicable_rule,no_applicable_rule,no_applicable_rule,no_applicable_rule,no_applicable_rule,no_applicable_rule,no_applicable_rule,no_applicable_rule,no_applicable_rule,no_applicable_rule,no_applicable_rule,no_applicable_rule,no_applicable_rule,no_applicable_rule,no_applicable_rule,no_applicable_rule,no_applicable_rule,no_applicable_rule,no_applicable_rule,no_applicable_rule,no_applicable_rule
phase2-workload-authorization-09-v1,workload-rbac-denied,uncovered,,,no_applicable_rule,uncovered,no_applicable_rule,no_applicable_rule,no_applicable_rule,no_applicable_rule,no_applicable_rule,no_applicable_rule,no_applicable_rule,no_applicable_rule,no_applicable_rule,no_applicable_rule,no_applicable_rule,no_applicable_rule,no_applicable_rule,no_applicable_rule,no_applicable_rule,no_applicable_rule,no_applicable_rule,no_applicable_rule,no_applicable_rule,no_applicable_rule,no_applicable_rule
phase2-workload-authorization-10-v1,workload-rbac-denied,uncovered,,,no_applicable_rule,uncovered,no_applicable_rule,no_applicable_rule,no_applicable_rule,no_applicable_rule,no_applicable_rule,no_applicable_rule,no_applicable_rule,no_applicable_rule,no_applicable_rule,no_applicable_rule,no_applicable_rule,no_applicable_rule,no_applicable_rule,no_applicable_rule,no_applicable_rule,no_applicable_rule,no_applicable_rule,no_applicable_rule,no_applicable_rule,no_applicable_rule,no_applicable_rule
phase2-workload-authorization-11-v1,workload-rbac-denied,uncovered,,,no_applicable_rule,uncovered,no_applicable_rule,no_applicable_rule,no_applicable_rule,no_applicable_rule,no_applicable_rule,no_applicable_rule,no_applicable_rule,no_applicable_rule,no_applicable_rule,no_applicable_rule,no_applicable_rule,no_applicable_rule,no_applicable_rule,no_applicable_rule,no_applicable_rule,no_applicable_rule,no_applicable_rule,no_applicable_rule,no_applicable_rule,no_applicable_rule,no_applicable_rule
phase2-workload-config-repair-01-v1,service-selector-repair,uncovered,,,no_applicable_rule,uncovered,uncovered,uncovered,no_applicable_rule,no_applicable_rule,no_applicable_rule,no_applicable_rule,no_applicable_rule,no_applicable_rule,no_applicable_rule,uncovered,uncovered,no_applicable_rule,no_applicable_rule,no_applicable_rule,no_applicable_rule,no_applicable_rule,uncovered,no_applicable_rule,no_applicable_rule,no_applicable_rule,no_applicable_rule
phase2-workload-config-repair-02-v1,service-selector-repair,uncovered,,,no_applicable_rule,uncovered,uncovered,uncovered,no_applicable_rule,no_applicable_rule,no_applicable_rule,no_applicable_rule,no_applicable_rule,no_applicable_rule,no_applicable_rule,uncovered,uncovered,no_applicable_rule,no_applicable_rule,no_applicable_rule,no_applicable_rule,no_applicable_rule,uncovered,no_applicable_rule,no_applicable_rule,no_applicable_rule,no_applicable_rule
phase2-workload-config-repair-03-v1,service-selector-repair,uncovered,,,no_applicable_rule,uncovered,uncovered,uncovered,no_applicable_rule,no_applicable_rule,no_applicable_rule,no_applicable_rule,no_applicable_rule,no_applicable_rule,no_applicable_rule,uncovered,uncovered,no_applicable_rule,no_applicable_rule,no_applicable_rule,no_applicable_rule,no_applicable_rule,uncovered,no_applicable_rule,no_applicable_rule,no_applicable_rule,no_applicable_rule
phase2-workload-config-repair-04-v1,service-selector-repair,uncovered,,,no_applicable_rule,uncovered,uncovered,uncovered,no_applicable_rule,no_applicable_rule,no_applicable_rule,no_applicable_rule,no_applicable_rule,no_applicable_rule,no_applicable_rule,uncovered,uncovered,no_applicable_rule,no_applicable_rule,no_applicable_rule,no_applicable_rule,no_applicable_rule,uncovered,no_applicable_rule,no_applicable_rule,no_applicable_rule,no_applicable_rule
phase2-workload-config-repair-05-v1,service-selector-repair,uncovered,,,no_applicable_rule,uncovered,uncovered,uncovered,no_applicable_rule,no_applicable_rule,no_applicable_rule,no_applicable_rule,no_applicable_rule,no_applicable_rule,no_applicable_rule,uncovered,uncovered,no_applicable_rule,no_applicable_rule,no_applicable_rule,no_applicable_rule,no_applicable_rule,uncovered,no_applicable_rule,no_applicable_rule,no_applicable_rule,no_applicable_rule
phase2-workload-config-repair-06-v1,service-selector-repair,uncovered,,,no_applicable_rule,uncovered,uncovered,uncovered,no_applicable_rule,no_applicable_rule,no_applicable_rule,no_applicable_rule,no_applicable_rule,no_applicable_rule,no_applicable_rule,uncovered,uncovered,no_applicable_rule,no_applicable_rule,no_applicable_rule,no_applicable_rule,no_applicable_rule,uncovered,no_applicable_rule,no_applicable_rule,no_applicable_rule,no_applicable_rule
phase2-workload-config-repair-07-v1,service-selector-repair,uncovered,,,no_applicable_rule,uncovered,uncovered,uncovered,no_applicable_rule,no_applicable_rule,no_applicable_rule,no_applicable_rule,no_applicable_rule,no_applicable_rule,no_applicable_rule,uncovered,uncovered,no_applicable_rule,no_applicable_rule,no_applicable_rule,no_applicable_rule,no_applicable_rule,uncovered,no_applicable_rule,no_applicable_rule,no_applicable_rule,no_applicable_rule
phase2-workload-config-repair-08-v1,service-selector-repair,uncovered,,,no_applicable_rule,uncovered,uncovered,uncovered,no_applicable_rule,no_applicable_rule,no_applicable_rule,no_applicable_rule,no_applicable_rule,no_applicable_rule,no_applicable_rule,uncovered,uncovered,no_applicable_rule,no_applicable_rule,no_applicable_rule,no_applicable_rule,no_applicable_rule,uncovered,no_applicable_rule,no_applicable_rule,no_applicable_rule,no_applicable_rule
phase2-workload-config-repair-09-v1,service-selector-repair,uncovered,,,no_applicable_rule,uncovered,uncovered,uncovered,no_applicable_rule,no_applicable_rule,no_applicable_rule,no_applicable_rule,no_applicable_rule,no_applicable_rule,no_applicable_rule,uncovered,uncovered,no_applicable_rule,no_applicable_rule,no_applicable_rule,no_applicable_rule,no_applicable_rule,uncovered,no_applicable_rule,no_applicable_rule,no_applicable_rule,no_applicable_rule
phase2-workload-configuration-reference-01-v1,pvc-storageclass-missing,covered,gatekeeper,,no_applicable_rule,uncovered,no_applicable_rule,no_applicable_rule,no_applicable_rule,no_applicable_rule,no_applicable_rule,uncovered,uncovered,no_applicable_rule,uncovered,no_applicable_rule,uncovered,no_applicable_rule,no_applicable_rule,no_applicable_rule,uncovered,covered,no_applicable_rule,no_applicable_rule,no_applicable_rule,no_applicable_rule,no_applicable_rule
phase2-workload-configuration-reference-02-v1,pvc-storageclass-missing,covered,gatekeeper,,no_applicable_rule,uncovered,no_applicable_rule,no_applicable_rule,no_applicable_rule,no_applicable_rule,no_applicable_rule,uncovered,uncovered,no_applicable_rule,uncovered,no_applicable_rule,uncovered,no_applicable_rule,no_applicable_rule,no_applicable_rule,uncovered,covered,no_applicable_rule,no_applicable_rule,no_applicable_rule,no_applicable_rule,no_applicable_rule
phase2-workload-configuration-reference-03-v1,pvc-storageclass-missing,covered,gatekeeper,,no_applicable_rule,uncovered,no_applicable_rule,no_applicable_rule,no_applicable_rule,no_applicable_rule,no_applicable_rule,uncovered,uncovered,no_applicable_rule,uncovered,no_applicable_rule,uncovered,no_applicable_rule,no_applicable_rule,no_applicable_rule,uncovered,covered,no_applicable_rule,no_applicable_rule,no_applicable_rule,no_applicable_rule,no_applicable_rule
phase2-workload-configuration-reference-04-v1,pvc-storageclass-missing,covered,gatekeeper,,no_applicable_rule,uncovered,no_applicable_rule,no_applicable_rule,no_applicable_rule,no_applicable_rule,no_applicable_rule,uncovered,uncovered,no_applicable_rule,uncovered,no_applicable_rule,uncovered,no_applicable_rule,no_applicable_rule,no_applicable_rule,uncovered,covered,no_applicable_rule,no_applicable_rule,no_applicable_rule,no_applicable_rule,no_applicable_rule
phase2-workload-configuration-reference-05-v1,pvc-storageclass-missing,covered,gatekeeper,,no_applicable_rule,uncovered,no_applicable_rule,no_applicable_rule,no_applicable_rule,no_applicable_rule,no_applicable_rule,uncovered,uncovered,no_applicable_rule,uncovered,no_applicable_rule,uncovered,no_applicable_rule,no_applicable_rule,no_applicable_rule,uncovered,covered,no_applicable_rule,no_applicable_rule,no_applicable_rule,no_applicable_rule,no_applicable_rule
phase2-workload-configuration-reference-06-v1,pvc-storageclass-missing,covered,gatekeeper,,no_applicable_rule,uncovered,no_applicable_rule,no_applicable_rule,no_applicable_rule,no_applicable_rule,no_applicable_rule,uncovered,uncovered,no_applicable_rule,uncovered,no_applicable_rule,uncovered,no_applicable_rule,no_applicable_rule,no_applicable_rule,uncovered,covered,no_applicable_rule,no_applicable_rule,no_applicable_rule,no_applicable_rule,no_applicable_rule
phase2-workload-configuration-reference-07-v1,pvc-storageclass-missing,covered,gatekeeper,,no_applicable_rule,uncovered,no_applicable_rule,no_applicable_rule,no_applicable_rule,no_applicable_rule,no_applicable_rule,uncovered,uncovered,no_applicable_rule,uncovered,no_applicable_rule,uncovered,no_applicable_rule,no_applicable_rule,no_applicable_rule,uncovered,covered,no_applicable_rule,no_applicable_rule,no_applicable_rule,no_applicable_rule,no_applicable_rule
phase2-workload-configuration-reference-08-v1,pvc-storageclass-missing,covered,gatekeeper,,no_applicable_rule,uncovered,no_applicable_rule,no_applicable_rule,no_applicable_rule,no_applicable_rule,no_applicable_rule,uncovered,uncovered,no_applicable_rule,uncovered,no_applicable_rule,uncovered,no_applicable_rule,no_applicable_rule,no_applicable_rule,uncovered,covered,no_applicable_rule,no_applicable_rule,no_applicable_rule,no_applicable_rule,no_applicable_rule
phase2-workload-configuration-reference-09-v1,pvc-storageclass-missing,covered,gatekeeper,,no_applicable_rule,uncovered,no_applicable_rule,no_applicable_rule,no_applicable_rule,no_applicable_rule,no_applicable_rule,uncovered,uncovered,no_applicable_rule,uncovered,no_applicable_rule,uncovered,no_applicable_rule,no_applicable_rule,no_applicable_rule,uncovered,covered,no_applicable_rule,no_applicable_rule,no_applicable_rule,no_applicable_rule,no_applicable_rule
phase2-workload-configuration-reference-10-v1,pvc-storageclass-missing,covered,gatekeeper,,no_applicable_rule,uncovered,no_applicable_rule,no_applicable_rule,no_applicable_rule,no_applicable_rule,no_applicable_rule,uncovered,uncovered,no_applicable_rule,uncovered,no_applicable_rule,uncovered,no_applicable_rule,no_applicable_rule,no_applicable_rule,uncovered,covered,no_applicable_rule,no_applicable_rule,no_applicable_rule,no_applicable_rule,no_applicable_rule
phase2-workload-configuration-reference-11-v1,pvc-storageclass-missing,covered,gatekeeper,,no_applicable_rule,uncovered,no_applicable_rule,no_applicable_rule,no_applicable_rule,no_applicable_rule,no_applicable_rule,uncovered,uncovered,no_applicable_rule,uncovered,no_applicable_rule,uncovered,no_applicable_rule,no_applicable_rule,no_applicable_rule,uncovered,covered,no_applicable_rule,no_applicable_rule,no_applicable_rule,no_applicable_rule,no_applicable_rule
